b,b2,gcd_is_1,res_digits,small_primes,large_cofactor_digits
6,7,True,7,2^6;3^2;5^1;1171^1,0
7,10,True,13,2^6;3^5;5^3;7^2;71^1;229^1,0
10,11,True,26,2^15;3^12;5^4;7^2;19^1;269^1;1181^1;14593^1,0
11,14,True,41,2^14;3^12;5^6;7^4;11^4;41^1;443^1,15
14,15,True,61,2^20;3^21;5^7;7^7;11^4;13^6;2069^1;13913^1,15
15,18,True,82,2^20;3^30;5^12;7^8;11^4;13^5;17^1;37^1;59^1;173^1;409^1;44381^1,23
18,19,True,105,2^46;3^34;5^13;7^9;11^5;13^6;17^8;89^1;1637^1,32
19,22,True,139,2^44;3^38;5^15;7^9;11^8;13^6;17^7;19^8;59^1;479^1;587^1,48
22,23,True,176,2^54;3^48;5^23;7^17;11^10;13^6;17^8;19^8;23^1;809^1;2687^1,61
23,26,True,212,2^54;3^51;5^28;7^17;11^11;13^6;17^9;19^8;23^11;109^1;32603^1,77
26,27,True,257,2^79;3^70;5^46;7^18;11^11;13^12;17^7;19^8;23^10;83^1;563^1;733^1,88
27,30,True,303,2^78;3^105;5^54;7^22;11^12;13^15;17^8;19^9;23^10;29^2;47^1;139^1,102
30,31,True,357,2^92;3^113;5^57;7^32;11^13;13^14;17^7;19^8;23^10;29^13;31^1;499^1;11383^1,120
31,34,True,414,2^92;3^115;5^63;7^30;11^19;13^13;17^8;19^8;23^10;29^13;31^14;67^1;1201^1;1217^1,146
34,35,True,476,2^159;3^131;5^64;7^34;11^28;13^15;17^16;19^10;23^12;29^13;31^14,158
35,38,True,540,2^156;3^142;5^76;7^47;11^33;13^16;17^17;19^10;23^10;29^14;31^15;619^1,188
38,39,True,610,2^174;3^185;5^79;7^46;11^27;13^19;17^19;19^18;23^11;29^13;31^15;37^18;163^1,193
39,42,True,687,2^174;3^195;5^84;7^53;11^27;13^33;17^18;19^20;23^10;29^13;31^14;37^18;47963^1,239
42,43,True,768,2^215;3^209;5^97;7^62;11^26;13^33;17^17;19^22;23^10;29^13;31^15;37^18;41^19;109^1;859^1,252
43,46,True,852,2^214;3^209;5^103;7^67;11^35;13^33;17^20;19^19;23^12;29^13;31^14;37^17;41^19;43^20;89^1,289
46,47,True,942,2^236;3^247;5^120;7^65;11^51;13^32;17^18;19^19;23^24;29^13;31^14;37^19;41^19;43^20;281^1;313^1;4099^1,305
47,50,True,1036,2^236;3^255;5^130;7^74;11^48;13^32;17^17;19^22;23^24;29^13;31^14;37^18;41^20;43^20;47^22;59^1;173^1;503^1;16481^1;18787^1;34499^1,333
50,51,True,1137,2^310;3^277;5^150;7^116;11^46;13^31;17^26;19^20;23^25;29^13;31^14;37^18;41^20;43^20;47^23;797^1,361
51,54,True,1240,2^308;3^317;5^161;7^116;11^44;13^42;17^43;19^20;23^23;29^13;31^14;37^18;41^20;43^21;47^22;53^1,410
54,55,True,1351,2^334;3^350;5^163;7^114;11^58;13^60;17^42;19^20;23^24;29^14;31^16;37^18;41^19;43^20;47^22;53^25;163^1,418
55,58,True,1464,2^334;3^354;5^187;7^126;11^73;13^54;17^44;19^28;23^25;29^15;31^14;37^18;41^19;43^21;47^22;53^25,481
58,59,True,1583,2^391;3^387;5^193;7^148;11^72;13^54;17^42;19^47;23^24;29^28;31^15;37^17;41^21;43^21;47^24;53^26;5261^1,494
59,62,True,1708,2^390;3^394;5^200;7^145;11^71;13^55;17^42;19^47;23^23;29^32;31^17;37^17;41^19;43^21;47^23;53^26;59^28;421^1;9311^1,559
62,63,True,1840,2^420;3^446;5^221;7^147;11^71;13^56;17^42;19^47;23^23;29^31;31^30;37^18;41^20;43^20;47^23;53^26;59^29;61^30;139^1;151^1;8209^1,563
63,66,True,1974,2^420;3^492;5^228;7^178;11^85;13^63;17^42;19^47;23^23;29^34;31^31;37^18;41^19;43^20;47^23;53^26;59^28;61^29;71^2;271^1;48179^1,619
66,67,True,2113,2^584;3^512;5^256;7^170;11^101;13^85;17^41;19^47;23^23;29^30;31^33;37^19;41^20;43^22;47^23;53^25;59^28;61^30;67^1;149^1;1423^1,646
67,70,True,2259,2^580;3^512;5^266;7^183;11^99;13^87;17^53;19^47;23^34;29^30;31^31;37^18;41^20;43^20;47^22;53^26;59^30;61^30;67^32;3793^1,694
70,71,True,2410,2^614;3^542;5^283;7^206;11^101;13^85;17^76;19^50;23^57;29^30;31^33;37^17;41^22;43^21;47^22;53^25;59^29;61^29;67^33;71^1;449^1;35317^1,718
71,74,True,2566,2^614;3^570;5^292;7^210;11^100;13^83;17^71;19^46;23^58;29^29;31^31;37^19;41^20;43^20;47^22;53^25;59^28;61^29;67^33;71^34;73^1,816
74,75,True,2727,2^687;3^629;5^299;7^207;11^101;13^85;17^70;19^48;23^57;29^29;31^31;37^36;41^19;43^20;47^22;53^25;59^28;61^30;67^33;71^35;73^35;1601^1,827
75,78,True,2892,2^686;3^659;5^355;7^212;11^113;13^98;17^69;19^58;23^57;29^29;31^33;37^37;41^19;43^20;47^24;53^25;59^28;61^31;67^33;71^34;73^35;1867^1,888
78,79,True,3065,2^724;3^687;5^362;7^241;11^142;13^116;17^68;19^82;23^56;29^29;31^32;37^38;41^19;43^22;47^23;53^26;59^28;61^31;67^32;71^35;73^35;79^2;107^1,922
79,82,True,3242,2^724;3^738;5^367;7^244;11^146;13^120;17^72;19^78;23^58;29^29;31^32;37^38;41^20;43^20;47^22;53^25;59^29;61^30;67^32;71^35;73^36;79^40;181^1,988
82,83,True,3425,2^846;3^863;5^393;7^241;11^139;13^117;17^69;19^80;23^57;29^30;31^32;37^37;41^40;43^20;47^22;53^25;59^29;61^29;67^32;71^35;73^36;79^38;83^2;223^1;1877^1,1038
83,86,True,3612,2^844;3^875;5^404;7^265;11^136;13^119;17^83;19^76;23^57;29^31;31^32;37^37;41^42;43^23;47^23;53^25;59^28;61^29;67^33;71^34;73^35;79^39;83^41,1103
86,87,True,3802,2^886;3^917;5^438;7^286;11^137;13^118;17^111;19^76;23^58;29^46;31^32;37^37;41^41;43^42;47^22;53^25;59^28;61^29;67^33;71^34;73^36;79^39;83^40;211^1;523^1;619^1;811^1;5087^1,1119
87,90,True,4002,2^886;3^978;5^460;7^281;11^156;13^118;17^111;19^76;23^57;29^73;31^34;37^39;41^41;43^43;47^22;53^26;59^29;61^30;67^32;71^34;73^35;79^38;83^43;89^2;1153^1;8231^1;49121^1,1206
90,91,True,4209,2^975;3^1014;5^479;7^297;11^186;13^137;17^111;19^76;23^56;29^72;31^32;37^37;41^41;43^44;47^24;53^25;59^28;61^32;67^32;71^37;73^38;79^39;83^41;89^43;151^1;1327^1;12911^1,1206
91,94,True,4418,2^974;3^1017;5^486;7^330;11^181;13^168;17^109;19^77;23^70;29^73;31^48;37^38;41^41;43^44;47^24;53^25;59^29;61^29;67^32;71^34;73^36;79^39;83^40;89^44;139^1;1277^1;2333^1,1322
94,95,True,4632,2^1020;3^1062;5^497;7^330;11^181;13^166;17^111;19^94;23^98;29^71;31^78;37^37;41^41;43^43;47^46;53^25;59^28;61^30;67^32;71^34;73^35;79^40;83^40;89^45;11279^1,1360
95,98,True,4852,2^1020;3^1087;5^530;7^346;11^178;13^163;17^111;19^126;23^94;29^71;31^78;37^39;41^42;43^43;47^47;53^26;59^28;61^30;67^32;71^35;73^36;79^38;83^41;89^43;97^1,1498
98,99,True,5077,2^1215;3^1160;5^542;7^392;11^197;13^162;17^109;19^124;23^94;29^71;31^77;37^38;41^41;43^43;47^47;53^26;59^28;61^29;67^32;71^35;73^36;79^39;83^42;89^43;97^47;283^1;557^1;2647^1,1471
99,102,True,5310,2^1212;3^1241;5^555;7^404;11^228;13^164;17^126;19^125;23^94;29^73;31^80;37^40;41^43;43^43;47^47;53^25;59^30;61^29;67^32;71^35;73^35;79^40;83^41;89^44;97^47;101^1;193^1;757^1,1576
102,103,True,5548,2^1262;3^1272;5^628;7^394;11^231;13^162;17^152;19^122;23^92;29^73;31^76;37^38;41^42;43^44;47^47;53^26;59^28;61^30;67^32;71^35;73^36;79^38;83^40;89^43;97^47;101^49;103^1;647^1;1361^1,1631
103,106,True,5790,2^1262;3^1264;5^632;7^413;11^224;13^185;17^154;19^126;23^93;29^73;31^77;37^38;41^41;43^45;47^47;53^27;59^29;61^29;67^32;71^34;73^36;79^39;83^40;89^43;97^47;101^51;103^50;557^1;2287^1,1726
106,107,True,6036,2^1367;3^1311;5^673;7^460;11^225;13^217;17^153;19^125;23^94;29^76;31^77;37^37;41^42;43^44;47^47;53^52;59^28;61^29;67^33;71^34;73^35;79^40;83^41;89^44;97^47;101^50;103^50;107^1;151^1;1481^1,1764
107,110,True,6292,2^1366;3^1381;5^700;7^456;11^249;13^212;17^156;19^122;23^92;29^71;31^79;37^37;41^42;43^43;47^47;53^55;59^29;61^29;67^33;71^34;73^36;79^38;83^40;89^43;97^48;101^50;103^50;107^53;137^1;241^1;421^1,1851
110,111,True,6552,2^1420;3^1522;5^720;7^452;11^275;13^212;17^154;19^125;23^92;29^71;31^77;37^55;41^42;43^44;47^49;53^53;59^29;61^29;67^32;71^34;73^35;79^38;83^40;89^43;97^47;101^50;103^50;107^52;109^55,1864
111,114,True,6816,2^1420;3^1561;5^740;7^477;11^275;13^213;17^156;19^145;23^92;29^74;31^77;37^92;41^41;43^43;47^47;53^55;59^29;61^29;67^33;71^35;73^35;79^38;83^41;89^43;97^47;101^49;103^51;107^53;109^53;113^1;211^1;997^1;1259^1;1759^1;9859^1,1964
114,115,True,7086,2^1590;3^1606;5^751;7^514;11^275;13^208;17^153;19^170;23^114;29^74;31^79;37^94;41^41;43^44;47^47;53^54;59^28;61^29;67^32;71^34;73^35;79^39;83^40;89^44;97^47;101^49;103^52;107^52;109^54;113^55;137^1;887^1,1966
115,118,True,7363,2^1588;3^1619;5^798;7^514;11^276;13^231;17^153;19^171;23^150;29^89;31^77;37^93;41^42;43^44;47^49;53^53;59^31;61^30;67^32;71^34;73^37;79^39;83^40;89^43;97^47;101^49;103^51;107^52;109^53;113^56;401^1,2102
118,119,True,7646,2^1646;3^1712;5^807;7^533;11^275;13^274;17^178;19^174;23^154;29^121;31^79;37^91;41^41;43^44;47^48;53^53;59^62;61^29;67^33;71^34;73^35;79^39;83^40;89^43;97^49;101^50;103^50;107^52;109^53;113^56;17077^1,2114
