m,lam,Jsize,mu,vpi,d,vL0,cls
2,2|2,2,2,inf,inf,1,G=0
3,4|1|1,2,2,3,1,1,within-J*
3,3|1|1|1,2,2,3,1,1,within-J*
4,6|2,2,4,6,2,1,needs-next
4,5|3,2,4,6,2,1,needs-next
4,4|2|2,2,6,8,2,2,within-J*
4,3|3|1|1,2,6,8,2,4,needs-next
4,2|2|2|1|1,2,4,6,2,1,needs-next
4,2|2|1|1|1|1,2,4,6,2,1,needs-next
5,8|1|1,2,4,5,1,1,within-J*
5,7|1|1|1,2,4,5,1,1,within-J*
5,5|2|1|1|1,2,9,11,2,1,needs-next
5,4|4|2,2,4,5,1,1,within-J*
5,4|4|1|1,2,4,5,1,1,within-J*
5,4|2|2|2,2,4,5,1,1,within-J*
5,4|1|1|1|1|1|1,2,4,5,1,1,within-J*
5,3|3|2|2,2,4,5,1,1,within-J*
5,3|1|1|1|1|1|1|1,2,4,5,1,1,within-J*
6,10|2,2,2,6,4,1,needs-next
6,9|3,2,2,6,4,1,needs-next
6,8|2|2,2,6,8,2,2,within-J*
6,7|4|1,2,11,12,1,1,within-J*
6,7|3|1|1,2,6,8,2,6,needs-next
6,6|6,2,4,9,5,1,needs-next
6,6|4|1|1,2,6,8,2,6,needs-next
6,6|3|3,2,2,6,4,1,needs-next
6,6|3|1|1|1,4,8,15,7,4,needs-next
6,6|2|2|1|1,2,4,9,5,1,needs-next
6,6|2|1|1|1|1,2,4,8,4,1,needs-next
6,5|5|2,2,6,8,2,2,within-J*
6,5|3|3|1,2,2,6,4,1,needs-next
6,5|3|2|1|1,2,4,8,4,1,needs-next
6,5|3|1|1|1|1,2,4,9,5,1,needs-next
6,5|2|2|1|1|1,4,8,15,7,4,needs-next
6,4|4|2|2,4,8,12,4,4,within-J*
6,4|3|3|1|1,2,2,6,4,1,needs-next
6,4|2|2|2|1|1,2,6,8,2,2,within-J*
6,4|2|2|1|1|1|1,2,6,8,2,2,within-J*
6,3|3|3|1|1|1,2,2,6,4,1,needs-next
6,3|3|2|2|2,2,6,8,2,6,needs-next
6,3|3|1|1|1|1|1|1,2,6,8,2,6,needs-next
6,3|2|2|2|1|1|1,2,11,12,1,1,within-J*
6,2|2|2|2|2|2,2,4,9,5,1,needs-next
6,2|2|2|1|1|1|1|1|1,2,2,6,4,1,needs-next
6,2|2|1|1|1|1|1|1|1|1,2,2,6,4,1,needs-next
7,12|1|1,2,2,3,1,1,within-J*
7,11|1|1|1,2,2,3,1,1,within-J*
7,9|2|1|1|1,2,9,15,6,1,needs-next
7,8|5|1,2,2,3,1,1,within-J*
7,8|4|2,2,4,5,1,1,within-J*
7,8|4|1|1,2,2,3,1,1,within-J*
7,8|2|2|2,2,4,5,1,1,within-J*
7,8|1|1|1|1|1|1,2,4,5,1,1,within-J*
7,7|5|2,2,2,3,1,1,within-J*
7,7|5|1|1,2,4,5,1,1,within-J*
7,7|4|2|1,2,2,3,1,1,within-J*
7,7|4|1|1|1,2,11,13,2,4,needs-next
7,7|3|2|2,2,4,5,1,1,within-J*
7,7|1|1|1|1|1|1|1,2,4,5,1,1,within-J*
7,6|4|2|2,2,2,3,1,1,within-J*
7,6|3|3|1|1,4,8,12,4,4,within-J*
7,6|3|2|1|1|1,2,13,15,2,1,needs-next
7,5|5|2|2,2,2,3,1,1,within-J*
7,5|4|3|1|1,2,9,13,4,1,needs-next
7,5|3|3|2|1,2,9,13,4,1,needs-next
7,5|3|3|1|1|1,4,8,12,4,4,within-J*
7,5|2|2|2|1|1|1,2,11,13,2,2,within-J*
7,5|2|1|1|1|1|1|1|1,2,9,15,6,1,needs-next
7,4|4|4|2,2,4,5,1,1,within-J*
7,4|4|3|3,2,4,5,1,1,within-J*
7,4|4|2|2|2,2,2,3,1,1,within-J*
7,4|4|2|2|1|1,2,2,3,1,1,within-J*
7,4|4|2|1|1|1|1,2,4,5,1,1,within-J*
7,4|4|1|1|1|1|1|1,2,4,5,1,1,within-J*
7,4|3|2|2|1|1|1,2,2,3,1,1,within-J*
7,4|2|2|2|2|1|1,2,4,5,1,1,within-J*
7,4|2|2|2|1|1|1|1,2,2,3,1,1,within-J*
7,4|1|1|1|1|1|1|1|1|1|1,2,2,3,1,1,within-J*
7,3|3|2|2|2|1|1,2,2,3,1,1,within-J*
7,3|3|2|2|1|1|1|1,2,4,5,1,1,within-J*
7,3|2|2|2|2|1|1|1,2,2,3,1,1,within-J*
7,3|1|1|1|1|1|1|1|1|1|1|1,2,2,3,1,1,within-J*
8,14|2,2,6,8,2,1,needs-next
8,13|3,2,6,8,2,1,needs-next
8,12|2|2,2,8,10,2,2,within-J*
8,11|4|1,2,15,16,1,1,within-J*
8,11|3|1|1,2,8,10,2,4,needs-next
8,10|6,2,6,8,2,1,needs-next
8,10|4|1|1,2,8,10,2,4,needs-next
8,10|3|3,2,8,10,2,1,needs-next
8,10|3|1|1|1,4,12,21,9,4,needs-next
8,10|2|2|1|1,2,6,8,2,1,needs-next
8,10|2|1|1|1|1,2,6,8,2,1,needs-next
8,9|7,2,6,8,2,1,needs-next
8,9|5|2,2,8,10,2,2,within-J*
8,9|3|3|1,2,8,10,2,1,needs-next
8,9|3|2|1|1,2,6,8,2,1,needs-next
8,9|3|1|1|1|1,2,6,8,2,1,needs-next
8,9|2|2|1|1|1,4,12,21,9,4,needs-next
8,8|6|2,2,10,12,2,8,needs-next
8,8|5|3,2,8,10,2,2,within-J*
8,8|5|2|1,2,19,20,1,1,within-J*
8,8|4|2|2,4,12,16,4,2,needs-next
8,8|3|3|1|1,2,6,8,2,1,needs-next
8,8|2|2|2|1|1,2,10,12,2,4,needs-next
8,8|2|2|1|1|1|1,2,10,12,2,4,needs-next
8,7|7|1|1,2,10,12,2,2,within-J*
8,7|5|2|2,4,12,16,4,2,needs-next
8,7|4|4|1,2,8,10,2,8,needs-next
8,7|4|3|2,2,15,16,1,1,within-J*
8,7|4|2|2|1,2,15,16,1,1,within-J*
8,7|4|1|1|1|1|1,2,15,16,1,1,within-J*
8,7|3|3|1|1|1,2,6,8,2,1,needs-next
8,7|3|2|2|2,2,10,12,2,2,within-J*
8,7|3|1|1|1|1|1|1,2,10,12,2,2,within-J*
8,7|2|2|2|1|1|1,2,15,16,1,1,within-J*
8,6|6|4,2,6,8,2,1,needs-next
8,6|6|3|1,2,6,8,2,1,needs-next
8,6|6|2|1|1,2,8,10,2,1,needs-next
8,6|6|1|1|1|1,2,8,10,2,1,needs-next
8,6|5|3|1|1,2,6,8,2,1,needs-next
8,6|4|4|2,2,8,10,2,6,needs-next
8,6|4|4|1|1,4,12,19,7,2,needs-next
8,6|4|3|1|1|1,2,6,8,2,1,needs-next
8,6|4|2|2|2,2,10,12,2,2,within-J*
8,6|4|1|1|1|1|1|1,2,10,12,2,2,within-J*
8,6|3|3|3|1,2,6,8,2,1,needs-next
8,6|3|3|2|2,4,12,19,7,5,needs-next
8,6|3|3|2|1|1,2,6,8,2,1,needs-next
8,6|3|3|1|1|1|1,2,6,8,2,1,needs-next
8,6|3|1|1|1|1|1|1|1,4,12,21,9,2,needs-next
8,6|2|2|2|2|2,2,8,10,2,1,needs-next
8,6|2|2|1|1|1|1|1|1,2,6,8,2,1,needs-next
8,6|2|1|1|1|1|1|1|1|1,2,6,8,2,1,needs-next
8,5|5|4|1|1,2,6,8,2,1,needs-next
8,5|5|3|3,2,8,10,2,2,within-J*
8,5|5|3|1|1|1,4,12,19,7,2,needs-next
8,5|5|2|2|1|1,2,10,12,2,4,needs-next
8,5|5|2|1|1|1|1,2,10,12,2,10,needs-next
8,5|4|4|1|1|1,2,6,8,2,1,needs-next
8,5|4|2|2|1|1|1,2,15,16,1,1,within-J*
8,5|3|3|3|2,2,6,8,2,1,needs-next
8,5|3|3|3|1|1,4,12,19,7,8,needs-next
8,5|3|3|2|2|1,2,6,8,2,1,needs-next
8,5|3|3|1|1|1|1|1,2,6,8,2,1,needs-next
8,5|3|2|2|2|2,2,8,10,2,1,needs-next
8,5|3|2|1|1|1|1|1|1,2,6,8,2,1,needs-next
8,5|3|1|1|1|1|1|1|1|1,2,6,8,2,1,needs-next
8,5|2|2|1|1|1|1|1|1|1,4,12,21,9,2,needs-next
8,4|4|4|2|2,2,8,10,2,4,needs-next
8,4|4|3|3|1|1,2,8,10,2,2,within-J*
8,4|4|3|2|1|1|1,2,15,16,1,1,within-J*
8,4|4|2|2|2|1|1,4,12,16,4,4,within-J*
8,4|4|2|2|1|1|1|1,4,12,16,4,4,within-J*
8,4|3|3|3|1|1|1,2,8,10,2,2,within-J*
8,4|3|3|2|2|2,2,6,8,2,1,needs-next
8,4|3|3|1|1|1|1|1|1,2,8,10,2,1,needs-next
8,4|3|2|2|2|1|1|1,2,19,20,1,1,within-J*
8,4|2|2|2|2|2|2,2,10,12,2,8,needs-next
8,4|2|2|2|1|1|1|1|1|1,2,8,10,2,2,within-J*
8,4|2|2|1|1|1|1|1|1|1|1,2,8,10,2,2,within-J*
8,3|3|3|3|2|2,2,6,8,2,1,needs-next
8,3|3|3|2|2|1|1|1,2,8,10,2,4,needs-next
8,3|3|3|1|1|1|1|1|1|1,2,8,10,2,1,needs-next
8,3|3|2|2|2|2|1|1,2,10,12,2,2,within-J*
8,3|3|2|2|2|1|1|1|1,2,8,10,2,16,needs-next
8,3|3|1|1|1|1|1|1|1|1|1|1,2,8,10,2,6,needs-next
8,3|2|2|2|1|1|1|1|1|1|1,2,15,16,1,1,within-J*
8,2|2|2|2|2|2|2|1|1,2,6,8,2,1,needs-next
8,2|2|2|2|2|2|1|1|1|1,2,6,8,2,1,needs-next
8,2|2|2|1|1|1|1|1|1|1|1|1|1,2,6,8,2,1,needs-next
8,2|2|1|1|1|1|1|1|1|1|1|1|1|1,2,6,8,2,1,needs-next
9,16|1|1,2,6,7,1,1,within-J*
9,15|1|1|1,2,6,7,1,1,within-J*
9,13|2|1|1|1,2,11,13,2,1,needs-next
9,12|5|1,2,8,9,1,1,within-J*
9,12|4|2,2,6,7,1,1,within-J*
9,12|4|1|1,2,6,7,1,1,within-J*
9,12|2|2|2,2,6,7,1,1,within-J*
9,12|1|1|1|1|1|1,2,6,7,1,1,within-J*
9,11|5|2,2,6,7,1,1,within-J*
9,11|5|1|1,2,6,7,1,1,within-J*
9,11|4|2|1,2,8,9,1,1,within-J*
9,11|4|1|1|1,2,15,17,2,6,needs-next
9,11|3|2|2,2,6,7,1,1,within-J*
9,11|1|1|1|1|1|1|1,2,6,7,1,1,within-J*
9,10|4|2|2,2,6,7,1,1,within-J*
9,10|3|3|1|1,4,12,16,4,2,needs-next
9,10|3|2|1|1|1,2,17,21,4,1,needs-next
9,9|6|3,4,17,22,5,2,needs-next
9,9|6|1|1|1,2,11,13,2,1,needs-next
9,9|5|2|2,2,6,7,1,1,within-J*
9,9|4|3|1|1,2,13,15,2,1,needs-next
9,9|3|3|2|1,2,13,15,2,1,needs-next
9,9|3|3|1|1|1,4,12,16,4,2,needs-next
9,9|2|2|2|1|1|1,2,15,17,2,2,within-J*
9,9|2|1|1|1|1|1|1|1,2,13,15,2,1,needs-next
9,8|8|2,2,6,7,1,1,within-J*
9,8|8|1|1,2,6,7,1,1,within-J*
9,8|6|2|2,2,6,7,1,1,within-J*
9,8|5|5,2,6,7,1,1,within-J*
9,8|5|3|2,2,6,7,1,1,within-J*
9,8|5|2|2|1,2,6,7,1,1,within-J*
9,8|5|2|1|1|1,2,19,21,2,2,within-J*
9,8|5|1|1|1|1|1,2,6,7,1,1,within-J*
9,8|4|4|2,2,6,7,1,1,within-J*
9,8|4|3|3,2,8,9,1,1,within-J*
9,8|4|2|2|2,2,8,9,1,1,within-J*
9,8|4|2|2|1|1,2,6,7,1,1,within-J*
9,8|4|2|1|1|1|1,2,8,9,1,1,within-J*
9,8|4|1|1|1|1|1|1,2,6,7,1,1,within-J*
9,8|3|2|2|1|1|1,2,6,7,1,1,within-J*
9,8|2|2|2|2|1|1,2,8,9,1,1,within-J*
9,8|2|2|2|1|1|1|1,2,6,7,1,1,within-J*
9,8|1|1|1|1|1|1|1|1|1|1,2,6,7,1,1,within-J*
9,7|7|2|2,2,6,7,1,1,within-J*
9,7|6|3|1|1,2,11,13,2,1,needs-next
9,7|5|5|1,2,6,7,1,1,within-J*
9,7|5|4|2,2,8,9,1,1,within-J*
9,7|5|3|3,2,6,7,1,1,within-J*
9,7|5|2|2|2,2,6,7,1,1,within-J*
9,7|5|2|2|1|1,2,8,9,1,1,within-J*
9,7|5|2|1|1|1|1,2,6,7,1,1,within-J*
9,7|5|1|1|1|1|1|1,2,8,9,1,1,within-J*
9,7|4|4|3,2,6,7,1,1,within-J*
9,7|4|4|2|1,2,15,17,2,6,needs-next
9,7|4|3|2|2,2,15,17,2,6,needs-next
9,7|4|2|2|2|1,2,6,7,1,1,within-J*
9,7|4|2|2|1|1|1,4,17,21,4,2,needs-next
9,7|4|2|1|1|1|1|1,2,6,7,1,1,within-J*
9,7|4|1|1|1|1|1|1|1,2,15,17,2,6,needs-next
9,7|3|2|2|2|1|1,2,6,7,1,1,within-J*
9,7|3|2|2|1|1|1|1,2,8,9,1,1,within-J*
9,7|2|2|2|2|1|1|1,2,6,7,1,1,within-J*
9,7|1|1|1|1|1|1|1|1|1|1|1,2,6,7,1,1,within-J*
9,6|6|4|1|1,4,12,16,4,2,needs-next
9,6|6|3|2|1,2,11,13,2,1,needs-next
9,6|6|3|1|1|1,4,12,16,4,2,needs-next
9,6|5|5|2,2,6,7,1,1,within-J*
9,6|5|4|1|1|1,2,17,24,7,1,needs-next
9,6|5|2|2|1|1|1,2,6,7,1,1,within-J*
9,6|4|4|2|2,2,14,20,6,6,within-J*
9,6|4|2|2|2|1|1,2,8,9,1,1,within-J*
9,6|4|2|2|1|1|1|1,2,6,7,1,1,within-J*
9,6|3|3|3|2|1,2,17,24,7,1,needs-next
9,6|3|3|2|2|2,4,12,16,4,4,within-J*
9,6|3|3|1|1|1|1|1|1,4,12,16,4,4,within-J*
9,6|3|2|2|2|1|1|1,2,19,21,2,14,needs-next
9,6|3|2|1|1|1|1|1|1|1,2,17,21,4,1,needs-next
9,5|5|5|3,2,6,7,1,1,within-J*
9,5|5|3|3|1|1,2,14,20,6,4,needs-next
9,5|5|3|2|1|1|1,2,15,17,2,2,within-J*
9,5|5|2|2|2|1|1,2,6,7,1,1,within-J*
9,5|5|2|2|1|1|1|1,2,8,9,1,1,within-J*
9,5|4|4|4|1,2,13,15,2,1,needs-next
9,5|4|3|3|1|1|1,2,15,17,2,2,within-J*
9,5|4|3|2|2|2,2,11,13,2,1,needs-next
9,5|4|3|1|1|1|1|1|1,2,13,15,2,1,needs-next
9,5|4|2|2|2|1|1|1,2,6,7,1,1,within-J*
9,5|3|3|3|2|2,4,12,16,4,4,within-J*
9,5|3|3|2|2|2|1,2,11,13,2,1,needs-next
9,5|3|3|2|1|1|1|1|1,2,13,15,2,1,needs-next
9,5|3|3|1|1|1|1|1|1|1,4,12,16,4,9,needs-next
9,5|2|2|2|2|2|1|1|1,2,11,13,2,1,needs-next
9,5|2|2|2|1|1|1|1|1|1|1,2,15,17,2,2,within-J*
9,5|2|1|1|1|1|1|1|1|1|1|1|1,2,11,13,2,1,needs-next
9,4|4|4|3|3,2,6,7,1,1,within-J*
9,4|4|4|3|1|1|1,2,6,7,1,1,within-J*
9,4|4|4|2|2|1|1,2,6,7,1,1,within-J*
9,4|4|4|2|1|1|1|1,2,8,9,1,1,within-J*
9,4|4|3|3|3|1,2,6,7,1,1,within-J*
9,4|4|3|3|2|1|1,2,8,9,1,1,within-J*
9,4|4|3|3|1|1|1|1,2,6,7,1,1,within-J*
9,4|4|3|2|2|1|1|1,2,6,7,1,1,within-J*
9,4|4|2|2|2|2|2,2,6,7,1,1,within-J*
9,4|4|2|2|2|2|1|1,2,6,7,1,1,within-J*
9,4|4|2|2|2|1|1|1|1,2,6,7,1,1,within-J*
9,4|4|2|2|1|1|1|1|1|1,2,6,7,1,1,within-J*
9,4|4|2|1|1|1|1|1|1|1|1,2,6,7,1,1,within-J*
9,4|4|1|1|1|1|1|1|1|1|1|1,2,6,7,1,1,within-J*
9,4|3|3|3|3|1|1,2,6,7,1,1,within-J*
9,4|3|2|2|1|1|1|1|1|1|1,2,8,9,1,1,within-J*
9,4|2|2|2|2|2|2|2,2,6,7,1,1,within-J*
9,4|2|2|2|2|1|1|1|1|1|1,2,6,7,1,1,within-J*
9,4|2|2|2|1|1|1|1|1|1|1|1,2,6,7,1,1,within-J*
9,4|1|1|1|1|1|1|1|1|1|1|1|1|1|1,2,6,7,1,1,within-J*
9,3|3|3|3|3|1|1|1,2,6,7,1,1,within-J*
9,3|3|3|2|2|2|1|1|1,4,17,22,5,2,needs-next
9,3|3|2|2|2|2|2|2,2,6,7,1,1,within-J*
9,3|3|2|2|2|1|1|1|1|1|1,2,6,7,1,1,within-J*
9,3|3|2|2|1|1|1|1|1|1|1|1,2,6,7,1,1,within-J*
9,3|2|2|2|2|1|1|1|1|1|1|1,2,8,9,1,1,within-J*
9,3|1|1|1|1|1|1|1|1|1|1|1|1|1|1|1,2,6,7,1,1,within-J*
10,18|2,2,2,8,6,1,needs-next
10,17|3,2,2,8,6,1,needs-next
10,16|2|2,2,8,10,2,2,within-J*
10,15|4|1,2,13,14,1,1,within-J*
10,15|3|1|1,2,8,10,2,6,needs-next
10,14|6,2,6,10,4,1,needs-next
10,14|4|1|1,2,8,10,2,6,needs-next
10,14|3|3,2,2,8,6,1,needs-next
10,14|3|1|1|1,4,10,19,9,4,needs-next
10,14|2|2|1|1,2,6,10,4,1,needs-next
10,14|2|1|1|1|1,2,6,12,6,1,needs-next
10,13|7,2,6,10,4,1,needs-next
10,13|5|2,2,8,10,2,2,within-J*
10,13|3|3|1,2,2,8,6,1,needs-next
10,13|3|2|1|1,2,6,13,7,1,needs-next
10,13|3|1|1|1|1,2,6,10,4,1,needs-next
10,13|2|2|1|1|1,4,10,19,9,4,needs-next
10,12|6|2,2,8,10,2,2,within-J*
10,12|5|3,2,10,12,2,8,needs-next
10,12|5|2|1,2,19,20,1,1,within-J*
10,12|4|2|2,4,10,14,4,5,needs-next
10,12|3|3|1|1,2,2,8,6,1,needs-next
10,12|2|2|2|1|1,2,8,10,2,2,within-J*
10,12|2|2|1|1|1|1,2,8,10,2,2,within-J*
10,11|8|1,2,13,14,1,1,within-J*
10,11|7|1|1,2,8,10,2,4,needs-next
10,11|5|2|2,4,10,14,4,5,needs-next
10,11|4|4|1,2,10,12,2,2,within-J*
10,11|4|3|2,2,15,16,1,1,within-J*
10,11|4|2|2|1,2,15,16,1,1,within-J*
10,11|4|1|1|1|1|1,2,15,16,1,1,within-J*
10,11|3|3|1|1|1,2,2,8,6,1,needs-next
10,11|3|2|2|2,2,8,10,2,4,needs-next
10,11|3|1|1|1|1|1|1,2,8,10,2,4,needs-next
10,11|2|2|2|1|1|1,2,13,14,1,1,within-J*
10,10|10,2,4,11,7,1,needs-next
10,10|8|1|1,2,8,10,2,4,needs-next
10,10|7|3,2,4,10,6,1,needs-next
10,10|7|1|1|1,4,10,19,9,4,needs-next
10,10|6|4,2,8,12,4,1,needs-next
10,10|6|3|1,2,4,11,7,1,needs-next
10,10|6|2|1|1,2,6,12,6,1,needs-next
10,10|6|1|1|1|1,2,6,10,4,1,needs-next
10,10|5|3|1|1,2,4,11,7,1,needs-next
10,10|4|4|2,2,10,12,2,2,within-J*
10,10|4|4|1|1,4,12,19,7,2,needs-next
10,10|4|3|1|1|1,2,4,10,6,1,needs-next
10,10|4|2|2|2,2,8,10,2,4,needs-next
10,10|4|1|1|1|1|1|1,2,8,10,2,4,needs-next
10,10|3|3|3|1,2,8,12,4,1,needs-next
10,10|3|3|2|2,4,12,19,7,3,needs-next
10,10|3|3|2|1|1,2,8,14,6,1,needs-next
10,10|3|3|1|1|1|1,2,2,8,6,1,needs-next
10,10|3|1|1|1|1|1|1|1,4,12,21,9,2,needs-next
10,10|2|2|2|2|2,2,6,10,4,1,needs-next
10,10|2|2|1|1|1|1|1|1,2,4,11,7,1,needs-next
10,10|2|1|1|1|1|1|1|1|1,2,4,10,6,1,needs-next
10,9|9|2,2,8,10,2,2,within-J*
10,9|7|4,2,4,11,7,1,needs-next
10,9|7|3|1,2,8,12,4,1,needs-next
10,9|7|2|1|1,2,6,10,4,1,needs-next
10,9|7|1|1|1|1,2,6,13,7,1,needs-next
10,9|6|4|1,2,4,10,6,1,needs-next
10,9|6|3|1|1,4,19,23,4,2,needs-next
10,9|6|2|1|1|1,4,10,19,9,4,needs-next
10,9|5|4|1|1,2,4,10,6,1,needs-next
10,9|5|3|3,2,10,12,2,6,needs-next
10,9|5|3|1|1|1,4,12,19,7,2,needs-next
10,9|5|2|2|1|1,2,8,10,2,2,within-J*
10,9|5|2|1|1|1|1,2,8,10,2,2,within-J*
10,9|4|4|1|1|1,2,4,11,7,1,needs-next
10,9|4|2|2|1|1|1,2,13,14,1,1,within-J*
10,9|3|3|3|2,2,8,16,8,1,needs-next
10,9|3|3|3|1|1,4,12,19,7,3,needs-next
10,9|3|3|2|2|1,2,8,12,4,1,needs-next
10,9|3|3|1|1|1|1|1,2,2,8,6,1,needs-next
10,9|3|2|2|2|2,2,6,10,4,1,needs-next
10,9|3|2|1|1|1|1|1|1,2,4,10,6,1,needs-next
10,9|3|1|1|1|1|1|1|1|1,2,4,11,7,1,needs-next
10,9|2|2|1|1|1|1|1|1|1,4,12,21,9,2,needs-next
10,8|8|2|2,4,12,16,4,3,needs-next
10,8|7|3|1|1,2,6,10,4,1,needs-next
10,8|6|6,2,8,10,2,2,within-J*
10,8|6|4|1|1,2,6,13,7,1,needs-next
10,8|6|3|3,2,8,10,2,2,within-J*
10,8|6|3|1|1|1,4,10,22,12,5,needs-next
10,8|6|2|2|1|1,2,10,12,2,4,needs-next
10,8|6|2|1|1|1|1,2,10,12,2,4,needs-next
10,8|5|5|2,4,10,14,4,6,needs-next
10,8|5|4|3,2,19,20,1,1,within-J*
10,8|5|3|3|1,2,8,10,2,2,within-J*
10,8|5|3|2|1|1,2,8,10,2,2,within-J*
10,8|5|3|1|1|1|1,2,8,10,2,2,within-J*
10,8|5|2|2|2|1,2,19,20,1,1,within-J*
10,8|5|2|2|1|1|1,4,16,23,7,3,needs-next
10,8|5|2|1|1|1|1|1,2,19,20,1,1,within-J*
10,8|4|4|2|2,2,8,10,2,6,needs-next
10,8|4|3|3|1|1,2,8,10,2,2,within-J*
10,8|4|3|2|1|1|1,2,13,14,1,1,within-J*
10,8|4|2|2|2|1|1,4,12,16,4,2,needs-next
10,8|4|2|2|1|1|1|1,4,12,16,4,2,needs-next
10,8|3|3|3|1|1|1,2,8,10,2,2,within-J*
10,8|3|3|2|2|2,2,6,10,4,1,needs-next
10,8|3|3|1|1|1|1|1|1,2,2,8,6,1,needs-next
10,8|3|2|2|2|1|1|1,2,19,20,1,1,within-J*
10,8|2|2|2|2|2|2,2,10,12,2,4,needs-next
10,8|2|2|2|1|1|1|1|1|1,2,8,10,2,2,within-J*
10,8|2|2|1|1|1|1|1|1|1|1,2,8,10,2,2,within-J*
10,7|7|5|1,2,8,10,2,6,needs-next
10,7|7|4|2,2,8,10,2,12,needs-next
10,7|7|4|1|1,4,10,21,11,6,needs-next
10,7|7|3|1|1|1,2,6,12,6,1,needs-next
10,7|7|2|2|2,2,10,12,2,2,within-J*
10,7|7|1|1|1|1|1|1,2,10,12,2,2,within-J*
10,7|6|5|2,2,13,14,1,1,within-J*
10,7|6|4|1|1|1,2,6,10,4,1,needs-next
10,7|6|2|2|1|1|1,2,15,16,1,1,within-J*
10,7|5|5|3,4,10,14,4,7,needs-next
10,7|5|5|2|1,2,13,14,1,1,within-J*
10,7|5|4|2|2,2,8,10,2,4,needs-next
10,7|5|3|3|1|1,2,8,10,2,2,within-J*
10,7|5|3|2|1|1|1,2,15,16,1,1,within-J*
10,7|5|2|2|2|1|1,4,12,16,4,2,needs-next
10,7|5|2|2|1|1|1|1,4,12,16,4,2,needs-next
10,7|4|4|3|2,2,8,10,2,6,needs-next
10,7|4|4|2|2|1,2,8,10,2,4,needs-next
10,7|4|4|2|1|1|1,2,13,14,1,1,within-J*
10,7|4|4|1|1|1|1|1,2,8,10,2,8,needs-next
10,7|4|3|3|3,2,15,16,1,1,within-J*
10,7|4|3|3|1|1|1,2,13,14,1,1,within-J*
10,7|4|3|2|2|1|1,2,15,16,1,1,within-J*
10,7|4|3|2|1|1|1|1,2,13,14,1,1,within-J*
10,7|4|2|2|2|2|1,2,15,16,1,1,within-J*
10,7|4|2|2|2|1|1|1,4,16,23,7,3,needs-next
10,7|4|2|2|1|1|1|1|1,2,13,14,1,1,within-J*
10,7|4|1|1|1|1|1|1|1|1|1,2,13,14,1,1,within-J*
10,7|3|3|3|2|2,2,6,10,4,1,needs-next
10,7|3|3|2|2|1|1|1,2,8,10,2,4,needs-next
10,7|3|3|1|1|1|1|1|1|1,2,2,8,6,1,needs-next
10,7|3|2|2|2|2|1|1,2,10,12,2,2,within-J*
10,7|3|2|2|2|1|1|1|1,2,8,10,2,6,needs-next
10,7|3|1|1|1|1|1|1|1|1|1|1,2,8,10,2,6,needs-next
10,7|2|2|2|1|1|1|1|1|1|1,2,15,16,1,1,within-J*
10,6|6|6|1|1,2,6,10,4,1,needs-next
10,6|6|5|1|1|1,2,6,10,4,1,needs-next
10,6|6|4|4,2,4,11,7,1,needs-next
10,6|6|4|3|1,2,6,12,6,1,needs-next
10,6|6|4|2|2,4,10,21,11,4,needs-next
10,6|6|4|2|1|1,2,6,10,4,1,needs-next
10,6|6|4|1|1|1|1,2,6,10,4,1,needs-next
10,6|6|3|3|2,2,6,10,4,1,needs-next
10,6|6|3|3|1|1,4,10,22,12,4,needs-next
10,6|6|3|2|2|1,2,6,13,7,1,needs-next
10,6|6|3|1|1|1|1|1,2,6,10,4,1,needs-next
10,6|6|2|2|2|2,2,8,14,6,1,needs-next
10,6|6|2|1|1|1|1|1|1,2,6,10,4,1,needs-next
10,6|6|1|1|1|1|1|1|1|1,2,6,10,4,1,needs-next
10,6|5|5|2|2,2,8,10,2,4,needs-next
10,6|5|4|4|1,2,4,11,7,1,needs-next
10,6|5|3|3|1|1|1,2,8,10,2,2,within-J*
10,6|5|3|2|2|2,2,6,13,7,1,needs-next
10,6|5|3|1|1|1|1|1|1,2,8,12,4,1,needs-next
10,6|5|2|2|2|1|1|1,2,19,20,1,1,within-J*
10,6|4|4|4|2,4,12,21,9,2,needs-next
10,6|4|4|4|1|1,2,4,10,6,1,needs-next
10,6|4|4|3|3,2,8,10,2,6,needs-next
10,6|4|4|2|2|2,4,10,22,12,5,needs-next
10,6|4|4|2|2|1|1,2,8,10,2,4,needs-next
10,6|4|4|2|1|1|1|1,2,8,10,2,6,needs-next
10,6|4|4|1|1|1|1|1|1,4,12,19,7,3,needs-next
10,6|4|3|3|2|2,2,6,10,4,1,needs-next
10,6|4|3|2|2|1|1|1,2,8,10,2,4,needs-next
10,6|4|3|1|1|1|1|1|1|1,2,8,14,6,1,needs-next
10,6|4|2|2|2|2|1|1,2,10,12,2,2,within-J*
10,6|4|2|2|2|1|1|1|1,2,8,10,2,14,needs-next
10,6|4|1|1|1|1|1|1|1|1|1|1,2,8,10,2,6,needs-next
10,6|3|3|3|3|2,2,6,10,4,1,needs-next
10,6|3|3|3|2|2|1,2,6,10,4,1,needs-next
10,6|3|3|3|1|1|1|1|1,2,4,11,7,1,needs-next
10,6|3|3|2|2|2|2,2,6,12,6,1,needs-next
10,6|3|3|2|2|2|1|1,4,10,22,12,4,needs-next
10,6|3|3|2|2|1|1|1|1,4,12,19,7,2,needs-next
10,6|3|3|2|1|1|1|1|1|1,2,4,10,6,1,needs-next
10,6|3|3|1|1|1|1|1|1|1|1,2,2,8,6,1,needs-next
10,6|3|2|2|2|2|1|1|1,4,10,19,9,6,needs-next
10,6|3|1|1|1|1|1|1|1|1|1|1|1,4,10,19,9,5,needs-next
10,6|2|2|2|2|2|2|1|1,2,6,13,7,1,needs-next
10,6|2|2|2|2|2|1|1|1|1,2,6,10,4,1,needs-next
10,6|2|2|1|1|1|1|1|1|1|1|1|1,2,6,10,4,1,needs-next
10,6|2|1|1|1|1|1|1|1|1|1|1|1|1,2,6,12,6,1,needs-next
10,5|5|5|3|1|1,2,8,10,2,2,within-J*
10,5|5|5|2|1|1|1,2,15,16,1,1,within-J*
10,5|5|4|4|2,2,4,10,6,1,needs-next
10,5|5|4|4|1|1,4,12,21,9,2,needs-next
10,5|5|4|3|1|1|1,2,8,10,2,2,within-J*
10,5|5|4|2|2|2,2,6,10,4,1,needs-next
10,5|5|4|1|1|1|1|1|1,2,8,16,8,1,needs-next
10,5|5|3|3|3|1,2,8,10,2,2,within-J*
10,5|5|3|3|2|2,4,10,21,11,7,needs-next
10,5|5|3|3|2|1|1,2,8,10,2,2,within-J*
10,5|5|3|3|1|1|1|1,2,8,10,2,2,within-J*
10,5|5|3|1|1|1|1|1|1|1,4,12,19,7,3,needs-next
10,5|5|2|2|2|2|2,2,10,12,2,4,needs-next
10,5|5|2|2|1|1|1|1|1|1,2,8,10,2,2,within-J*
10,5|5|2|1|1|1|1|1|1|1|1,2,8,10,2,2,within-J*
10,5|4|4|4|2|1,2,4,11,7,1,needs-next
10,5|4|4|3|2|2,2,6,12,6,1,needs-next
10,5|4|4|2|2|1|1|1,2,8,10,2,6,needs-next
10,5|4|4|1|1|1|1|1|1|1,2,8,12,4,1,needs-next
10,5|4|3|3|3|1|1,2,13,14,1,1,within-J*
10,5|4|2|2|1|1|1|1|1|1|1,2,15,16,1,1,within-J*
10,5|3|3|3|3|3,2,6,10,4,1,needs-next
10,5|3|3|3|2|2|2,4,10,21,11,4,needs-next
10,5|3|3|3|2|2|1|1,2,6,13,7,1,needs-next
10,5|3|3|3|2|1|1|1|1,2,4,10,6,1,needs-next
10,5|3|3|3|1|1|1|1|1|1,4,12,19,7,2,needs-next
10,5|3|3|2|2|2|2|1,2,6,10,4,1,needs-next
10,5|3|3|2|2|2|1|1|1,4,19,23,4,2,needs-next
10,5|3|3|2|2|1|1|1|1|1,2,4,11,7,1,needs-next
10,5|3|3|1|1|1|1|1|1|1|1|1,2,2,8,6,1,needs-next
10,5|3|2|2|2|2|2|1|1,2,6,10,4,1,needs-next
10,5|3|2|2|2|2|1|1|1|1,2,6,12,6,1,needs-next
10,5|3|2|1|1|1|1|1|1|1|1|1|1,2,6,13,7,1,needs-next
10,5|3|1|1|1|1|1|1|1|1|1|1|1|1,2,6,10,4,1,needs-next
10,5|2|2|2|2|2|2|1|1|1,4,10,19,9,5,needs-next
10,5|2|2|1|1|1|1|1|1|1|1|1|1|1,4,10,19,9,7,needs-next
10,4|4|4|4|2|2,2,4,11,7,1,needs-next
10,4|4|4|3|3|1|1,4,10,14,4,4,within-J*
10,4|4|4|3|2|1|1|1,2,19,20,1,1,within-J*
10,4|4|4|2|2|2|1|1,2,8,10,2,4,needs-next
10,4|4|4|2|2|1|1|1|1,2,10,12,2,2,within-J*
10,4|4|3|3|3|2|1,2,13,14,1,1,within-J*
10,4|4|3|3|3|1|1|1,4,10,14,4,4,within-J*
10,4|4|3|3|2|2|2,2,8,10,2,2,within-J*
10,4|4|3|3|1|1|1|1|1|1,2,10,12,2,8,needs-next
10,4|4|3|2|1|1|1|1|1|1|1,2,15,16,1,1,within-J*
10,4|4|2|2|2|2|2|2,4,12,16,4,3,needs-next
10,4|4|2|2|2|1|1|1|1|1|1,4,10,14,4,4,within-J*
10,4|4|2|2|1|1|1|1|1|1|1|1,4,10,14,4,4,within-J*
10,4|3|3|3|3|2|2,2,8,10,2,2,within-J*
10,4|3|3|3|2|2|1|1|1,2,4,10,6,1,needs-next
10,4|3|3|3|1|1|1|1|1|1|1,2,10,12,2,8,needs-next
10,4|3|3|2|2|2|2|1|1,2,8,12,4,1,needs-next
10,4|3|3|2|2|2|1|1|1|1,2,4,11,7,1,needs-next
10,4|3|3|1|1|1|1|1|1|1|1|1|1,2,2,8,6,1,needs-next
10,4|3|2|2|2|1|1|1|1|1|1|1,2,19,20,1,1,within-J*
10,4|2|2|2|2|2|2|2|1|1,2,8,10,2,2,within-J*
10,4|2|2|2|2|2|2|1|1|1|1,2,8,10,2,2,within-J*
10,4|2|2|2|1|1|1|1|1|1|1|1|1|1,2,8,10,2,2,within-J*
10,4|2|2|1|1|1|1|1|1|1|1|1|1|1|1,2,8,10,2,2,within-J*
10,3|3|3|3|3|3|1|1,2,8,10,2,4,needs-next
10,3|3|3|3|2|2|2|1|1,2,4,11,7,1,needs-next
10,3|3|3|3|2|2|1|1|1|1,2,8,12,4,1,needs-next
10,3|3|3|2|2|2|2|1|1|1,2,4,10,6,1,needs-next
10,3|3|3|2|2|1|1|1|1|1|1|1,2,10,12,2,2,within-J*
10,3|3|3|1|1|1|1|1|1|1|1|1|1|1,2,2,8,6,1,needs-next
10,3|3|2|2|2|2|2|2|2,2,8,10,2,6,needs-next
10,3|3|2|2|2|2|1|1|1|1|1|1,2,8,10,2,8,needs-next
10,3|3|2|2|2|1|1|1|1|1|1|1|1,2,8,10,2,4,needs-next
10,3|3|1|1|1|1|1|1|1|1|1|1|1|1|1|1,2,8,10,2,4,needs-next
10,3|2|2|2|2|2|2|2|1|1|1,2,13,14,1,1,within-J*
10,3|2|2|2|1|1|1|1|1|1|1|1|1|1|1,2,13,14,1,1,within-J*
10,2|2|2|2|2|2|2|2|2|2,2,4,11,7,1,needs-next
10,2|2|2|2|2|2|2|1|1|1|1|1|1,2,6,10,4,1,needs-next
10,2|2|2|2|2|2|1|1|1|1|1|1|1|1,2,6,10,4,1,needs-next
10,2|2|2|1|1|1|1|1|1|1|1|1|1|1|1|1|1,2,2,8,6,1,needs-next
10,2|2|1|1|1|1|1|1|1|1|1|1|1|1|1|1|1|1,2,2,8,6,1,needs-next
11,20|1|1,2,2,3,1,1,within-J*
11,19|1|1|1,2,2,3,1,1,within-J*
11,17|2|1|1|1,2,11,15,4,1,needs-next
11,16|5|1,2,2,3,1,1,within-J*
11,16|4|2,2,6,7,1,1,within-J*
11,16|4|1|1,2,2,3,1,1,within-J*
11,16|2|2|2,2,6,7,1,1,within-J*
11,16|1|1|1|1|1|1,2,6,7,1,1,within-J*
11,15|5|2,2,2,3,1,1,within-J*
11,15|5|1|1,2,6,7,1,1,within-J*
11,15|4|2|1,2,2,3,1,1,within-J*
11,15|4|1|1|1,2,13,15,2,4,needs-next
11,15|3|2|2,2,6,7,1,1,within-J*
11,15|1|1|1|1|1|1|1,2,6,7,1,1,within-J*
11,14|4|2|2,2,2,3,1,1,within-J*
11,14|3|3|1|1,4,10,14,4,5,needs-next
11,14|3|2|1|1|1,2,15,17,2,1,needs-next
11,13|6|3,4,17,22,5,2,needs-next
11,13|6|1|1|1,2,13,17,4,1,needs-next
11,13|5|2|2,2,2,3,1,1,within-J*
11,13|4|3|1|1,2,11,16,5,1,needs-next
11,13|3|3|2|1,2,11,16,5,1,needs-next
11,13|3|3|1|1|1,4,10,14,4,5,needs-next
11,13|2|2|2|1|1|1,2,13,15,2,2,within-J*
11,13|2|1|1|1|1|1|1|1,2,11,15,4,1,needs-next
11,12|9|1,2,4,5,1,1,within-J*
11,12|8|2,2,4,5,1,1,within-J*
11,12|8|1|1,2,6,7,1,1,within-J*
11,12|6|2|2,2,4,5,1,1,within-J*
11,12|5|5,2,8,9,1,1,within-J*
11,12|5|3|2,2,8,9,1,1,within-J*
11,12|5|2|2|1,2,2,3,1,1,within-J*
11,12|5|2|1|1|1,2,19,21,2,2,within-J*
11,12|5|1|1|1|1|1,2,8,9,1,1,within-J*
11,12|4|4|2,2,6,7,1,1,within-J*
11,12|4|3|3,2,6,7,1,1,within-J*
11,12|4|2|2|2,2,2,3,1,1,within-J*
11,12|4|2|2|1|1,2,4,5,1,1,within-J*
11,12|4|2|1|1|1|1,2,6,7,1,1,within-J*
11,12|4|1|1|1|1|1|1,2,6,7,1,1,within-J*
11,12|3|2|2|1|1|1,2,4,5,1,1,within-J*
11,12|2|2|2|2|1|1,2,6,7,1,1,within-J*
11,12|2|2|2|1|1|1|1,2,4,5,1,1,within-J*
11,12|1|1|1|1|1|1|1|1|1|1,2,4,5,1,1,within-J*
11,11|9|2,2,6,7,1,1,within-J*
11,11|9|1|1,2,4,5,1,1,within-J*
11,11|8|2|1,2,4,5,1,1,within-J*
11,11|8|1|1|1,2,13,15,2,8,needs-next
11,11|7|2|2,2,4,5,1,1,within-J*
11,11|6|3|1|1,2,11,16,5,1,needs-next
11,11|5|5|1,2,8,9,1,1,within-J*
11,11|5|4|2,2,6,7,1,1,within-J*
11,11|5|3|3,2,6,7,1,1,within-J*
11,11|5|2|2|2,2,4,5,1,1,within-J*
11,11|5|2|2|1|1,2,2,3,1,1,within-J*
11,11|5|2|1|1|1|1,2,6,7,1,1,within-J*
11,11|5|1|1|1|1|1|1,2,6,7,1,1,within-J*
11,11|4|4|3,2,8,9,1,1,within-J*
11,11|4|4|2|1,2,15,17,2,2,within-J*
11,11|4|3|2|2,2,15,17,2,2,within-J*
11,11|4|2|2|2|1,2,2,3,1,1,within-J*
11,11|4|2|2|1|1|1,4,17,21,4,3,needs-next
11,11|4|2|1|1|1|1|1,2,8,9,1,1,within-J*
11,11|4|1|1|1|1|1|1|1,2,15,17,2,2,within-J*
11,11|3|2|2|2|1|1,2,4,5,1,1,within-J*
11,11|3|2|2|1|1|1|1,2,6,7,1,1,within-J*
11,11|2|2|2|2|1|1|1,2,4,5,1,1,within-J*
11,11|1|1|1|1|1|1|1|1|1|1|1,2,4,5,1,1,within-J*
11,10|8|2|2,2,6,7,1,1,within-J*
11,10|7|4|1,4,21,26,5,7,needs-next
11,10|7|3|1|1,4,10,14,4,7,needs-next
11,10|7|2|1|1|1,2,15,17,2,1,needs-next
11,10|6|4|1|1,4,12,16,4,3,needs-next
11,10|6|3|2|1,2,11,16,5,1,needs-next
11,10|6|3|1|1|1,4,10,14,4,5,needs-next
11,10|5|5|2,2,6,7,1,1,within-J*
11,10|5|4|1|1|1,2,17,19,2,1,needs-next
11,10|5|2|2|1|1|1,2,2,3,1,1,within-J*
11,10|4|4|2|2,2,14,20,6,6,within-J*
11,10|4|2|2|2|1|1,2,2,3,1,1,within-J*
11,10|4|2|2|1|1|1|1,2,6,7,1,1,within-J*
11,10|3|3|3|2|1,2,17,19,2,1,needs-next
11,10|3|3|2|2|2,4,12,16,4,2,needs-next
11,10|3|3|1|1|1|1|1|1,4,12,16,4,2,needs-next
11,10|3|2|2|2|1|1|1,2,19,21,2,4,needs-next
11,10|3|2|1|1|1|1|1|1|1,2,17,19,2,1,needs-next
11,9|9|2|2,2,6,7,1,1,within-J*
11,9|8|3|1|1,2,11,15,4,1,needs-next
11,9|7|4|1|1,4,10,14,4,5,needs-next
11,9|7|3|2|1,2,11,15,4,1,needs-next
11,9|7|3|1|1|1,4,12,16,4,3,needs-next
11,9|6|5|1|1,2,11,16,5,1,needs-next
11,9|6|4|2|1,2,11,16,5,1,needs-next
11,9|6|4|1|1|1,4,10,14,4,6,needs-next
11,9|6|3|3|1,4,17,22,5,3,needs-next
11,9|6|3|2|2,2,11,15,4,1,needs-next
11,9|6|3|2|1|1,4,17,22,5,3,needs-next
11,9|6|3|1|1|1|1,4,17,22,5,2,needs-next
11,9|6|2|2|1|1|1,2,13,15,2,2,within-J*
11,9|6|1|1|1|1|1|1|1,2,11,15,4,1,needs-next
11,9|5|5|3,2,6,7,1,1,within-J*
11,9|5|3|3|1|1,2,14,20,6,4,needs-next
11,9|5|3|2|1|1|1,2,15,17,2,4,needs-next
11,9|5|2|2|2|1|1,2,6,7,1,1,within-J*
11,9|5|2|2|1|1|1|1,2,2,3,1,1,within-J*
11,9|4|4|4|1,2,13,17,4,1,needs-next
11,9|4|3|3|1|1|1,2,15,17,2,6,needs-next
11,9|4|3|2|2|2,2,11,15,4,1,needs-next
11,9|4|3|1|1|1|1|1|1,2,13,18,5,1,needs-next
11,9|4|2|2|2|1|1|1,2,2,3,1,1,within-J*
11,9|3|3|3|2|2,4,12,16,4,2,needs-next
11,9|3|3|2|2|2|1,2,11,15,4,1,needs-next
11,9|3|3|2|1|1|1|1|1,2,13,18,5,1,needs-next
11,9|3|3|1|1|1|1|1|1|1,4,12,16,4,2,needs-next
11,9|2|2|2|2|2|1|1|1,2,11,15,4,1,needs-next
11,9|2|2|2|1|1|1|1|1|1|1,2,15,17,2,4,needs-next
11,9|2|1|1|1|1|1|1|1|1|1|1|1,2,11,15,4,1,needs-next
11,8|8|6,2,4,5,1,1,within-J*
11,8|8|5|1,2,4,5,1,1,within-J*
11,8|8|4|2,2,6,7,1,1,within-J*
11,8|8|3|3,2,6,7,1,1,within-J*
11,8|8|2|2|2,2,8,9,1,1,within-J*
11,8|8|2|2|1|1,2,8,9,1,1,within-J*
11,8|8|2|1|1|1|1,2,6,7,1,1,within-J*
11,8|8|1|1|1|1|1|1,2,6,7,1,1,within-J*
11,8|7|5|2,2,4,5,1,1,within-J*
11,8|7|4|1|1|1,2,15,17,2,1,needs-next
11,8|7|2|2|1|1|1,2,6,7,1,1,within-J*
11,8|6|6|2,2,4,5,1,1,within-J*
11,8|6|5|3,2,6,7,1,1,within-J*
11,8|6|3|3|1|1,2,14,20,6,6,within-J*
11,8|6|3|2|1|1|1,2,13,15,2,2,within-J*
11,8|6|2|2|2|1|1,2,6,7,1,1,within-J*
11,8|6|2|2|1|1|1|1,2,8,9,1,1,within-J*
11,8|5|5|4,2,6,7,1,1,within-J*
11,8|5|5|3|1,2,6,7,1,1,within-J*
11,8|5|5|2|2,2,4,5,1,1,within-J*
11,8|5|5|2|1|1,2,4,5,1,1,within-J*
11,8|5|5|1|1|1|1,2,6,7,1,1,within-J*
11,8|5|4|3|1|1,2,19,21,2,2,within-J*
11,8|5|4|2|1|1|1,2,4,5,1,1,within-J*
11,8|5|3|3|3,2,6,7,1,1,within-J*
11,8|5|3|3|2|1,2,19,21,2,2,within-J*
11,8|5|3|3|1|1|1,4,16,25,9,3,needs-next
11,8|5|3|2|2|1|1,2,6,7,1,1,within-J*
11,8|5|3|2|1|1|1|1,2,4,5,1,1,within-J*
11,8|5|2|2|2|2|1,2,6,7,1,1,within-J*
11,8|5|2|2|2|1|1|1,4,21,25,4,5,needs-next
11,8|5|2|2|1|1|1|1|1,2,2,3,1,1,within-J*
11,8|5|2|1|1|1|1|1|1|1,2,19,21,2,2,within-J*
11,8|5|1|1|1|1|1|1|1|1|1,2,4,5,1,1,within-J*
11,8|4|4|3|3,2,8,9,1,1,within-J*
11,8|4|4|3|1|1|1,2,6,7,1,1,within-J*
11,8|4|4|2|2|1|1,2,4,5,1,1,within-J*
11,8|4|4|2|1|1|1|1,2,6,7,1,1,within-J*
11,8|4|3|3|3|1,2,6,7,1,1,within-J*
11,8|4|3|3|2|1|1,2,8,9,1,1,within-J*
11,8|4|3|3|1|1|1|1,2,6,7,1,1,within-J*
11,8|4|3|2|2|1|1|1,2,4,5,1,1,within-J*
11,8|4|2|2|2|2|2,2,6,7,1,1,within-J*
11,8|4|2|2|2|2|1|1,2,8,9,1,1,within-J*
11,8|4|2|2|2|1|1|1|1,2,2,3,1,1,within-J*
11,8|4|2|2|1|1|1|1|1|1,2,6,7,1,1,within-J*
11,8|4|2|1|1|1|1|1|1|1|1,2,6,7,1,1,within-J*
11,8|4|1|1|1|1|1|1|1|1|1|1,2,4,5,1,1,within-J*
11,8|3|3|3|3|1|1,2,6,7,1,1,within-J*
11,8|3|2|2|1|1|1|1|1|1|1,2,8,9,1,1,within-J*
11,8|2|2|2|2|2|2|2,2,6,7,1,1,within-J*
11,8|2|2|2|2|1|1|1|1|1|1,2,6,7,1,1,within-J*
11,8|2|2|2|1|1|1|1|1|1|1|1,2,6,7,1,1,within-J*
11,8|1|1|1|1|1|1|1|1|1|1|1|1|1|1,2,6,7,1,1,within-J*
11,7|7|6|2,2,6,7,1,1,within-J*
11,7|7|5|3,2,4,5,1,1,within-J*
11,7|7|5|2|1,2,13,15,2,4,needs-next
11,7|7|4|2|2,2,14,20,6,4,needs-next
11,7|7|2|2|2|1|1,2,8,9,1,1,within-J*
11,7|7|2|2|1|1|1|1,2,6,7,1,1,within-J*
11,7|6|6|3,2,4,5,1,1,within-J*
11,7|6|5|2|2,2,13,15,2,4,needs-next
11,7|6|4|4|1,2,11,16,5,1,needs-next
11,7|6|3|3|1|1|1,2,13,15,2,2,within-J*
11,7|6|3|2|2|2,2,13,18,5,1,needs-next
11,7|6|3|1|1|1|1|1|1,2,11,15,4,1,needs-next
11,7|6|2|2|2|1|1|1,2,6,7,1,1,within-J*
11,7|5|5|5,2,6,7,1,1,within-J*
11,7|5|5|3|2,2,4,5,1,1,within-J*
11,7|5|5|3|1|1,2,4,5,1,1,within-J*
11,7|5|5|2|2|1,2,6,7,1,1,within-J*
11,7|5|5|2|1|1|1,4,17,21,4,3,needs-next
11,7|5|5|1|1|1|1|1,2,6,7,1,1,within-J*
11,7|5|4|3|3,2,6,7,1,1,within-J*
11,7|5|4|3|1|1|1,2,4,5,1,1,within-J*
11,7|5|4|2|2|1|1,2,6,7,1,1,within-J*
11,7|5|4|2|1|1|1|1,2,8,9,1,1,within-J*
11,7|5|3|3|3|1,2,8,9,1,1,within-J*
11,7|5|3|3|2|1|1,2,6,7,1,1,within-J*
11,7|5|3|3|1|1|1|1,2,4,5,1,1,within-J*
11,7|5|3|2|2|1|1|1,2,6,7,1,1,within-J*
11,7|5|2|2|2|2|2,2,8,9,1,1,within-J*
11,7|5|2|2|2|2|1|1,2,6,7,1,1,within-J*
11,7|5|2|2|2|1|1|1|1,2,6,7,1,1,within-J*
11,7|5|2|2|1|1|1|1|1|1,2,2,3,1,1,within-J*
11,7|5|2|1|1|1|1|1|1|1|1,2,4,5,1,1,within-J*
11,7|5|1|1|1|1|1|1|1|1|1|1,2,6,7,1,1,within-J*
11,7|4|4|4|3,2,15,17,2,2,within-J*
11,7|4|4|3|3|1,2,6,7,1,1,within-J*
11,7|4|4|3|2|1|1,2,4,5,1,1,within-J*
11,7|4|4|3|1|1|1|1,2,6,7,1,1,within-J*
11,7|4|4|2|2|2|1,2,13,15,2,6,needs-next
11,7|4|4|2|2|1|1|1,4,16,25,9,3,needs-next
11,7|4|4|2|1|1|1|1|1,2,15,17,2,2,within-J*
11,7|4|3|3|3|1|1,4,17,21,4,2,needs-next
11,7|4|3|3|2|1|1|1,2,4,5,1,1,within-J*
11,7|4|3|2|2|2|1|1,2,13,15,2,6,needs-next
11,7|4|3|2|2|1|1|1|1,2,15,17,2,2,within-J*
11,7|4|2|2|2|2|2|1,2,6,7,1,1,within-J*
11,7|4|2|2|2|2|1|1|1,2,13,15,2,4,needs-next
11,7|4|2|2|2|1|1|1|1|1,2,2,3,1,1,within-J*
11,7|4|2|2|1|1|1|1|1|1|1,4,17,21,4,2,needs-next
11,7|4|2|1|1|1|1|1|1|1|1|1,2,4,5,1,1,within-J*
11,7|4|1|1|1|1|1|1|1|1|1|1|1,2,13,15,2,12,needs-next
11,7|3|3|3|3|1|1|1,2,6,7,1,1,within-J*
11,7|3|3|2|2|2|1|1|1,4,17,22,5,3,needs-next
11,7|3|2|2|2|2|2|2,2,6,7,1,1,within-J*
11,7|3|2|2|2|1|1|1|1|1|1,2,6,7,1,1,within-J*
11,7|3|2|2|1|1|1|1|1|1|1|1,2,6,7,1,1,within-J*
11,7|2|2|2|2|1|1|1|1|1|1|1,2,8,9,1,1,within-J*
11,7|1|1|1|1|1|1|1|1|1|1|1|1|1|1|1,2,6,7,1,1,within-J*
11,6|6|5|4|1,2,11,16,5,1,needs-next
11,6|6|4|4|2,4,10,14,4,6,needs-next
11,6|6|4|4|1|1,4,10,14,4,6,needs-next
11,6|6|4|3|2|1,2,15,17,2,1,needs-next
11,6|6|4|2|2|2,4,12,16,4,2,needs-next
11,6|6|4|1|1|1|1|1|1,4,12,16,4,2,needs-next
11,6|6|3|3|2|2,4,12,16,4,2,needs-next
11,6|6|3|2|2|2|1,2,13,18,5,1,needs-next
11,6|6|3|2|1|1|1|1|1,2,11,15,4,1,needs-next
11,6|6|3|1|1|1|1|1|1|1,4,12,16,4,2,needs-next
11,6|5|5|3|3,2,4,5,1,1,within-J*
11,6|5|5|3|1|1|1,2,6,7,1,1,within-J*
11,6|5|5|2|2|1|1,2,8,9,1,1,within-J*
11,6|5|5|2|1|1|1|1,2,6,7,1,1,within-J*
11,6|5|4|4|2|1,2,17,19,2,1,needs-next
11,6|5|4|3|2|2,2,15,17,2,1,needs-next
11,6|5|4|2|2|1|1|1,2,19,21,2,4,needs-next
11,6|5|4|1|1|1|1|1|1|1,2,17,19,2,1,needs-next
11,6|5|3|3|3|1|1,2,6,7,1,1,within-J*
11,6|5|2|2|1|1|1|1|1|1|1,2,2,3,1,1,within-J*
11,6|4|4|4|2|2,4,10,14,4,4,within-J*
11,6|4|4|3|3|1|1,2,4,5,1,1,within-J*
11,6|4|4|3|2|1|1|1,2,19,21,2,4,needs-next
11,6|4|4|2|2|2|1|1,2,14,20,6,16,needs-next
11,6|4|4|2|2|1|1|1|1,2,14,20,6,4,needs-next
11,6|4|3|3|3|1|1|1,2,4,5,1,1,within-J*
11,6|4|3|2|2|2|1|1|1,4,17,22,5,2,needs-next
11,6|4|2|2|2|2|2|2,2,8,9,1,1,within-J*
11,6|4|2|2|2|1|1|1|1|1|1,2,2,3,1,1,within-J*
11,6|4|2|2|1|1|1|1|1|1|1|1,2,4,5,1,1,within-J*
11,6|3|3|3|2|2|2|1,2,15,17,2,1,needs-next
11,6|3|3|3|2|2|1|1|1,4,10,14,4,4,within-J*
11,6|3|3|3|2|1|1|1|1|1,2,17,19,2,1,needs-next
11,6|3|3|2|2|2|2|1|1,4,12,16,4,3,needs-next
11,6|3|3|2|2|2|1|1|1|1,4,10,14,4,4,within-J*
11,6|3|3|1|1|1|1|1|1|1|1|1|1,4,10,14,4,4,within-J*
11,6|3|2|2|2|2|2|1|1|1,2,15,17,2,1,needs-next
11,6|3|2|2|2|1|1|1|1|1|1|1,2,19,21,2,4,needs-next
11,6|3|2|1|1|1|1|1|1|1|1|1|1|1,2,15,17,2,1,needs-next
11,5|5|5|4|1|1|1,2,15,17,2,6,needs-next
11,5|5|5|3|3|1,2,4,5,1,1,within-J*
11,5|5|5|3|2|1|1,2,6,7,1,1,within-J*
11,5|5|5|3|1|1|1|1,2,8,9,1,1,within-J*
11,5|5|5|2|2|1|1|1,2,6,7,1,1,within-J*
11,5|5|4|4|2|2,4,10,14,4,4,within-J*
11,5|5|4|3|3|1|1,2,4,5,1,1,within-J*
11,5|5|3|3|3|2|1,2,13,15,2,2,within-J*
11,5|5|3|3|3|1|1|1,2,4,5,1,1,within-J*
11,5|5|3|3|2|2|2,2,14,20,6,4,needs-next
11,5|5|3|3|1|1|1|1|1|1,2,14,20,6,8,needs-next
11,5|5|3|2|2|2|1|1|1,2,11,15,4,1,needs-next
11,5|5|3|2|1|1|1|1|1|1|1,2,15,17,2,6,needs-next
11,5|5|2|2|2|2|2|2,2,8,9,1,1,within-J*
11,5|5|2|2|2|1|1|1|1|1|1,2,4,5,1,1,within-J*
11,5|5|2|2|1|1|1|1|1|1|1|1,2,2,3,1,1,within-J*
11,5|4|4|4|3|2,2,11,16,5,1,needs-next
11,5|4|4|4|2|2|1,2,11,16,5,1,needs-next
11,5|4|4|4|1|1|1|1|1,2,13,17,4,1,needs-next
11,5|4|4|3|3|1|1|1,2,6,7,1,1,within-J*
11,5|4|4|2|2|2|1|1|1,4,17,22,5,2,needs-next
11,5|4|3|3|3|2|2,2,13,15,2,2,within-J*
11,5|4|3|3|2|2|1|1|1,2,11,16,5,1,needs-next
11,5|4|3|3|1|1|1|1|1|1|1,2,15,17,2,4,needs-next
11,5|4|3|2|2|2|2|1|1,2,11,15,4,1,needs-next
11,5|4|3|2|2|2|1|1|1|1,2,11,16,5,1,needs-next
11,5|4|3|1|1|1|1|1|1|1|1|1|1,2,11,16,5,1,needs-next
11,5|4|2|2|2|1|1|1|1|1|1|1,2,2,3,1,1,within-J*
11,5|3|3|3|3|2|1|1|1,2,11,16,5,1,needs-next
11,5|3|3|3|2|2|2|1|1,4,10,14,4,4,within-J*
11,5|3|3|3|2|2|1|1|1|1,4,12,16,4,3,needs-next
11,5|3|3|2|2|2|2|2|1,2,11,15,4,1,needs-next
11,5|3|3|2|2|2|2|1|1|1,4,10,14,4,4,within-J*
11,5|3|3|2|2|2|1|1|1|1|1,2,11,16,5,1,needs-next
11,5|3|3|2|1|1|1|1|1|1|1|1|1,2,11,16,5,1,needs-next
11,5|3|3|1|1|1|1|1|1|1|1|1|1|1,4,10,14,4,4,within-J*
11,5|2|2|2|2|2|2|2|1|1|1,2,13,15,2,2,within-J*
11,5|2|2|2|2|2|1|1|1|1|1|1|1,2,13,17,4,1,needs-next
11,5|2|2|2|1|1|1|1|1|1|1|1|1|1|1,2,13,15,2,2,within-J*
11,5|2|1|1|1|1|1|1|1|1|1|1|1|1|1|1|1,2,11,15,4,1,needs-next
11,4|4|4|4|4|1|1,2,6,7,1,1,within-J*
11,4|4|4|4|3|1|1|1,2,6,7,1,1,within-J*
11,4|4|4|3|3|3|1,2,4,5,1,1,within-J*
11,4|4|4|3|3|2|2,2,4,5,1,1,within-J*
11,4|4|4|3|3|2|1|1,2,6,7,1,1,within-J*
11,4|4|4|3|3|1|1|1|1,2,6,7,1,1,within-J*
11,4|4|4|3|1|1|1|1|1|1|1,2,8,9,1,1,within-J*
11,4|4|4|2|2|2|2|2,2,6,7,1,1,within-J*
11,4|4|4|2|2|1|1|1|1|1|1,2,6,7,1,1,within-J*
11,4|4|4|2|1|1|1|1|1|1|1|1,2,6,7,1,1,within-J*
11,4|4|3|3|3|3|2,2,6,7,1,1,within-J*
11,4|4|3|3|3|3|1|1,2,4,5,1,1,within-J*
11,4|4|3|3|3|2|2|1,2,4,5,1,1,within-J*
11,4|4|3|3|3|1|1|1|1|1,2,6,7,1,1,within-J*
11,4|4|3|3|2|2|2|2,2,6,7,1,1,within-J*
11,4|4|3|3|2|1|1|1|1|1|1,2,6,7,1,1,within-J*
11,4|4|3|3|1|1|1|1|1|1|1|1,2,6,7,1,1,within-J*
11,4|4|3|2|2|1|1|1|1|1|1|1,2,8,9,1,1,within-J*
11,4|4|2|2|2|2|2|2|2,2,6,7,1,1,within-J*
11,4|4|2|2|2|2|2|2|1|1,2,6,7,1,1,within-J*
11,4|4|2|2|2|2|2|1|1|1|1,2,4,5,1,1,within-J*
11,4|4|2|2|2|2|1|1|1|1|1|1,2,4,5,1,1,within-J*
11,4|4|2|2|2|1|1|1|1|1|1|1|1,2,2,3,1,1,within-J*
11,4|4|2|2|1|1|1|1|1|1|1|1|1|1,2,2,3,1,1,within-J*
11,4|4|2|1|1|1|1|1|1|1|1|1|1|1|1,2,6,7,1,1,within-J*
11,4|4|1|1|1|1|1|1|1|1|1|1|1|1|1|1,2,6,7,1,1,within-J*
11,4|3|3|3|3|2|2|2,2,4,5,1,1,within-J*
11,4|3|3|3|3|1|1|1|1|1|1,2,8,9,1,1,within-J*
11,4|3|3|3|2|2|2|1|1|1,4,21,26,5,5,within-J*
11,4|3|2|2|2|2|2|2|1|1|1,2,4,5,1,1,within-J*
11,4|3|2|2|1|1|1|1|1|1|1|1|1|1|1,2,2,3,1,1,within-J*
11,4|2|2|2|2|2|2|2|2|1|1,2,4,5,1,1,within-J*
11,4|2|2|2|2|2|2|2|1|1|1|1,2,6,7,1,1,within-J*
11,4|2|2|2|2|1|1|1|1|1|1|1|1|1|1,2,6,7,1,1,within-J*
11,4|2|2|2|1|1|1|1|1|1|1|1|1|1|1|1,2,2,3,1,1,within-J*
11,4|1|1|1|1|1|1|1|1|1|1|1|1|1|1|1|1|1|1,2,2,3,1,1,within-J*
11,3|3|3|3|3|3|2|2,2,4,5,1,1,within-J*
11,3|3|3|3|3|1|1|1|1|1|1|1,2,8,9,1,1,within-J*
11,3|3|3|2|2|2|1|1|1|1|1|1|1,4,17,22,5,3,needs-next
11,3|3|2|2|2|2|2|2|2|1|1,2,6,7,1,1,within-J*
11,3|3|2|2|2|2|2|2|1|1|1|1,2,4,5,1,1,within-J*
11,3|3|2|2|2|1|1|1|1|1|1|1|1|1|1,2,2,3,1,1,within-J*
11,3|3|2|2|1|1|1|1|1|1|1|1|1|1|1|1,2,6,7,1,1,within-J*
11,3|2|2|2|2|2|2|2|2|1|1|1,2,4,5,1,1,within-J*
11,3|2|2|2|2|1|1|1|1|1|1|1|1|1|1|1,2,2,3,1,1,within-J*
11,3|1|1|1|1|1|1|1|1|1|1|1|1|1|1|1|1|1|1|1,2,2,3,1,1,within-J*
12,22|2,2,4,6,2,1,needs-next
12,21|3,2,4,6,2,1,needs-next
12,20|2|2,2,6,8,2,2,within-J*
12,19|4|1,2,15,16,1,1,within-J*
12,19|3|1|1,2,6,8,2,4,needs-next
12,18|6,2,4,6,2,1,needs-next
12,18|4|1|1,2,6,8,2,4,needs-next
12,18|3|3,2,8,10,2,1,needs-next
12,18|3|1|1|1,4,12,19,7,4,needs-next
12,18|2|2|1|1,2,4,6,2,1,needs-next
12,18|2|1|1|1|1,2,4,6,2,1,needs-next
12,17|7,2,4,6,2,1,needs-next
12,17|5|2,2,6,8,2,2,within-J*
12,17|3|3|1,2,8,10,2,1,needs-next
12,17|3|2|1|1,2,4,6,2,1,needs-next
12,17|3|1|1|1|1,2,4,6,2,1,needs-next
12,17|2|2|1|1|1,4,12,19,7,4,needs-next
12,16|6|2,2,10,12,2,4,needs-next
12,16|5|3,2,6,8,2,2,within-J*
12,16|5|2|1,2,19,20,1,1,within-J*
12,16|4|2|2,4,12,16,4,2,needs-next
12,16|3|3|1|1,2,4,6,2,1,needs-next
12,16|2|2|2|1|1,2,10,12,2,10,needs-next
12,16|2|2|1|1|1|1,2,10,12,2,12,needs-next
12,15|8|1,2,17,18,1,1,within-J*
12,15|7|1|1,2,10,12,2,2,within-J*
12,15|5|2|2,4,12,16,4,2,needs-next
12,15|4|4|1,2,6,8,2,4,needs-next
12,15|4|3|2,2,15,16,1,1,within-J*
12,15|4|2|2|1,2,15,16,1,1,within-J*
12,15|4|1|1|1|1|1,2,15,16,1,1,within-J*
12,15|3|3|1|1|1,2,4,6,2,1,needs-next
12,15|3|2|2|2,2,10,12,2,2,within-J*
12,15|3|1|1|1|1|1|1,2,10,12,2,2,within-J*
12,15|2|2|2|1|1|1,2,15,16,1,1,within-J*
12,14|10,2,6,8,2,1,needs-next
12,14|8|1|1,2,10,12,2,2,within-J*
12,14|7|3,2,4,6,2,1,needs-next
12,14|7|1|1|1,4,14,21,7,3,needs-next
12,14|6|4,2,4,6,2,1,needs-next
12,14|6|3|1,2,6,8,2,1,needs-next
12,14|6|2|1|1,2,8,10,2,1,needs-next
12,14|6|1|1|1|1,2,8,10,2,1,needs-next
12,14|5|3|1|1,2,6,8,2,1,needs-next
12,14|4|4|2,2,6,8,2,4,needs-next
12,14|4|4|1|1,4,12,23,11,2,needs-next
12,14|4|3|1|1|1,2,6,8,2,1,needs-next
12,14|4|2|2|2,2,10,12,2,2,within-J*
12,14|4|1|1|1|1|1|1,2,10,12,2,2,within-J*
12,14|3|3|3|1,2,4,6,2,1,needs-next
12,14|3|3|2|2,4,12,21,9,7,needs-next
12,14|3|3|2|1|1,2,4,6,2,1,needs-next
12,14|3|3|1|1|1|1,2,6,8,2,1,needs-next
12,14|3|1|1|1|1|1|1|1,4,12,19,7,2,needs-next
12,14|2|2|2|2|2,2,8,10,2,1,needs-next
12,14|2|2|1|1|1|1|1|1,2,6,8,2,1,needs-next
12,14|2|1|1|1|1|1|1|1|1,2,6,8,2,1,needs-next
12,13|11,2,6,8,2,1,needs-next
12,13|9|2,2,10,12,2,4,needs-next
12,13|7|4,2,6,8,2,1,needs-next
12,13|7|3|1,2,4,6,2,1,needs-next
12,13|7|2|1|1,2,8,10,2,1,needs-next
12,13|7|1|1|1|1,2,8,10,2,1,needs-next
12,13|6|4|1,2,4,6,2,1,needs-next
12,13|6|3|1|1,4,21,25,4,3,needs-next
12,13|6|2|1|1|1,4,14,21,7,3,needs-next
12,13|5|4|1|1,2,6,8,2,1,needs-next
12,13|5|3|3,2,6,8,2,2,within-J*
12,13|5|3|1|1|1,4,12,21,9,2,needs-next
12,13|5|2|2|1|1,2,10,12,2,8,needs-next
12,13|5|2|1|1|1|1,2,10,12,2,4,needs-next
12,13|4|4|1|1|1,2,6,8,2,1,needs-next
12,13|4|2|2|1|1|1,2,15,16,1,1,within-J*
12,13|3|3|3|2,2,4,6,2,1,needs-next
12,13|3|3|3|1|1,4,12,24,12,5,needs-next
12,13|3|3|2|2|1,2,4,6,2,1,needs-next
12,13|3|3|1|1|1|1|1,2,6,8,2,1,needs-next
12,13|3|2|2|2|2,2,8,10,2,1,needs-next
12,13|3|2|1|1|1|1|1|1,2,6,8,2,1,needs-next
12,13|3|1|1|1|1|1|1|1|1,2,6,8,2,1,needs-next
12,13|2|2|1|1|1|1|1|1|1,4,12,19,7,2,needs-next
12,12|10|2,2,8,10,2,2,within-J*
12,12|9|3,2,8,10,2,2,within-J*
12,12|9|2|1,2,19,20,1,1,within-J*
12,12|8|2|2,4,12,16,4,2,needs-next
12,12|7|3|1|1,2,4,6,2,1,needs-next
12,12|6|6,2,12,14,2,2,within-J*
12,12|6|4|1|1,2,4,6,2,1,needs-next
12,12|6|3|3,2,8,10,2,2,within-J*
12,12|6|3|1|1|1,4,12,23,11,2,needs-next
12,12|6|2|2|1|1,2,10,12,2,4,needs-next
12,12|6|2|1|1|1|1,2,10,12,2,8,needs-next
12,12|5|5|2,4,14,18,4,2,needs-next
12,12|5|4|3,2,21,22,1,1,within-J*
12,12|5|3|3|1,2,6,8,2,2,within-J*
12,12|5|3|2|1|1,2,12,14,2,2,within-J*
12,12|5|3|1|1|1|1,2,12,14,2,2,within-J*
12,12|5|2|2|2|1,2,21,22,1,1,within-J*
12,12|5|2|2|1|1|1,4,18,25,7,3,needs-next
12,12|5|2|1|1|1|1|1,2,21,22,1,1,within-J*
12,12|4|4|2|2,2,6,8,2,4,needs-next
12,12|4|3|3|1|1,2,8,10,2,2,within-J*
12,12|4|3|2|1|1|1,2,15,16,1,1,within-J*
12,12|4|2|2|2|1|1,4,12,16,4,5,needs-next
12,12|4|2|2|1|1|1|1,4,12,16,4,5,needs-next
12,12|3|3|3|1|1|1,2,8,10,2,2,within-J*
12,12|3|3|2|2|2,2,4,6,2,1,needs-next
12,12|3|3|1|1|1|1|1|1,2,8,10,2,1,needs-next
12,12|3|2|2|2|1|1|1,2,19,20,1,1,within-J*
12,12|2|2|2|2|2|2,2,10,12,2,10,needs-next
12,12|2|2|2|1|1|1|1|1|1,2,8,10,2,2,within-J*
12,12|2|2|1|1|1|1|1|1|1|1,2,8,10,2,2,within-J*
12,11|11|1|1,2,8,10,2,4,needs-next
12,11|9|2|2,4,12,16,4,2,needs-next
12,11|8|5,2,15,16,1,1,within-J*
12,11|8|4|1,2,8,10,2,6,needs-next
12,11|8|3|2,2,15,16,1,1,within-J*
12,11|8|2|2|1,2,15,16,1,1,within-J*
12,11|8|1|1|1|1|1,2,15,16,1,1,within-J*
12,11|7|5|1,2,12,14,2,4,needs-next
12,11|7|4|2,2,8,10,2,12,needs-next
12,11|7|4|1|1,4,12,21,9,2,needs-next
12,11|7|3|1|1|1,2,4,6,2,1,needs-next
12,11|7|2|2|2,2,10,12,2,2,within-J*
12,11|7|1|1|1|1|1|1,2,10,12,2,2,within-J*
12,11|6|5|2,2,15,16,1,1,within-J*
12,11|6|4|1|1|1,2,4,6,2,1,needs-next
12,11|6|2|2|1|1|1,2,15,16,1,1,within-J*
12,11|5|5|3,4,14,18,4,2,needs-next
12,11|5|5|2|1,2,15,16,1,1,within-J*
12,11|5|4|2|2,2,8,10,2,4,needs-next
12,11|5|3|3|1|1,2,6,8,2,2,within-J*
12,11|5|3|2|1|1|1,2,15,16,1,1,within-J*
12,11|5|2|2|2|1|1,4,12,16,4,5,needs-next
12,11|5|2|2|1|1|1|1,4,12,16,4,5,needs-next
12,11|4|4|3|2,2,12,14,2,4,needs-next
12,11|4|4|2|2|1,2,6,8,2,4,needs-next
12,11|4|4|2|1|1|1,2,15,16,1,1,within-J*
12,11|4|4|1|1|1|1|1,2,12,14,2,8,needs-next
12,11|4|3|3|3,2,17,18,1,1,within-J*
12,11|4|3|3|1|1|1,2,17,18,1,1,within-J*
12,11|4|3|2|2|1|1,2,17,18,1,1,within-J*
12,11|4|3|2|1|1|1|1,2,15,16,1,1,within-J*
12,11|4|2|2|2|2|1,2,17,18,1,1,within-J*
12,11|4|2|2|2|1|1|1,4,18,25,7,3,needs-next
12,11|4|2|2|1|1|1|1|1,2,15,16,1,1,within-J*
12,11|4|1|1|1|1|1|1|1|1|1,2,15,16,1,1,within-J*
12,11|3|3|3|2|2,2,4,6,2,1,needs-next
12,11|3|3|2|2|1|1|1,2,8,10,2,4,needs-next
12,11|3|3|1|1|1|1|1|1|1,2,8,10,2,1,needs-next
12,11|3|2|2|2|2|1|1,2,10,12,2,2,within-J*
12,11|3|2|2|2|1|1|1|1,2,8,10,2,6,needs-next
12,11|3|1|1|1|1|1|1|1|1|1|1,2,8,10,2,8,needs-next
12,11|2|2|2|1|1|1|1|1|1|1,2,15,16,1,1,within-J*
12,10|10|4,2,8,10,2,1,needs-next
12,10|10|3|1,2,8,10,2,1,needs-next
12,10|10|2|1|1,2,6,8,2,1,needs-next
12,10|10|1|1|1|1,2,6,8,2,1,needs-next
12,10|9|3|1|1,2,6,8,2,1,needs-next
12,10|8|5|1,2,8,10,2,6,needs-next
12,10|8|4|2,2,12,14,2,10,needs-next
12,10|8|4|1|1,4,12,19,7,6,needs-next
12,10|8|3|1|1|1,2,6,8,2,1,needs-next
12,10|8|2|2|2,2,10,12,2,2,within-J*
12,10|8|1|1|1|1|1|1,2,10,12,2,2,within-J*
12,10|7|7,2,6,8,2,1,needs-next
12,10|7|5|2,2,8,10,2,10,needs-next
12,10|7|5|1|1,4,12,24,12,2,needs-next
12,10|7|4|2|1,4,12,19,7,4,needs-next
12,10|7|4|1|1|1,4,25,29,4,5,needs-next
12,10|7|3|3|1,2,6,8,2,1,needs-next
12,10|7|3|2|2,4,12,21,9,5,needs-next
12,10|7|3|2|1|1,2,6,8,2,1,needs-next
12,10|7|3|1|1|1|1,2,4,6,2,1,needs-next
12,10|7|1|1|1|1|1|1|1,4,12,19,7,2,needs-next
12,10|6|6|1|1,2,6,8,2,1,needs-next
12,10|6|5|1|1|1,2,6,8,2,1,needs-next
12,10|6|4|4,2,8,10,2,1,needs-next
12,10|6|4|3|1,2,10,12,2,1,needs-next
12,10|6|4|2|2,4,12,19,7,4,needs-next
12,10|6|4|2|1|1,2,10,12,2,1,needs-next
12,10|6|4|1|1|1|1,2,4,6,2,1,needs-next
12,10|6|3|3|2,2,6,8,2,1,needs-next
12,10|6|3|3|1|1,4,12,21,9,6,needs-next
12,10|6|3|2|2|1,2,6,8,2,1,needs-next
12,10|6|3|1|1|1|1|1,2,6,8,2,1,needs-next
12,10|6|2|2|2|2,2,8,10,2,1,needs-next
12,10|6|2|1|1|1|1|1|1,2,6,8,2,1,needs-next
12,10|6|1|1|1|1|1|1|1|1,2,6,8,2,1,needs-next
12,10|5|5|2|2,2,8,10,2,4,needs-next
12,10|5|4|4|1,2,8,10,2,1,needs-next
12,10|5|3|3|1|1|1,2,6,8,2,2,within-J*
12,10|5|3|2|2|2,2,6,8,2,1,needs-next
12,10|5|3|1|1|1|1|1|1,2,8,10,2,1,needs-next
12,10|5|2|2|2|1|1|1,2,19,20,1,1,within-J*
12,10|4|4|4|2,4,14,21,7,2,needs-next
12,10|4|4|4|1|1,2,8,10,2,1,needs-next
12,10|4|4|3|3,2,12,14,2,4,needs-next
12,10|4|4|2|2|2,4,12,19,7,5,needs-next
12,10|4|4|2|2|1|1,2,6,8,2,4,needs-next
12,10|4|4|2|1|1|1|1,2,12,14,2,4,needs-next
12,10|4|4|1|1|1|1|1|1,4,14,23,9,3,needs-next
12,10|4|3|3|2|2,2,6,8,2,1,needs-next
12,10|4|3|2|2|1|1|1,2,8,10,2,4,needs-next
12,10|4|3|1|1|1|1|1|1|1,2,8,10,2,1,needs-next
12,10|4|2|2|2|2|1|1,2,10,12,2,2,within-J*
12,10|4|2|2|2|1|1|1|1,2,8,10,2,6,needs-next
12,10|4|1|1|1|1|1|1|1|1|1|1,2,8,10,2,8,needs-next
12,10|3|3|3|3|2,2,10,12,2,1,needs-next
12,10|3|3|3|2|2|1,2,4,6,2,1,needs-next
12,10|3|3|3|1|1|1|1|1,2,8,10,2,1,needs-next
12,10|3|3|2|2|2|2,2,4,6,2,1,needs-next
12,10|3|3|2|2|2|1|1,4,12,19,7,4,needs-next
12,10|3|3|2|2|1|1|1|1,4,14,26,12,2,needs-next
12,10|3|3|2|1|1|1|1|1|1,2,8,10,2,1,needs-next
12,10|3|3|1|1|1|1|1|1|1|1,2,8,10,2,1,needs-next
12,10|3|2|2|2|2|1|1|1,4,12,19,7,6,needs-next
12,10|3|1|1|1|1|1|1|1|1|1|1|1,4,12,19,7,5,needs-next
12,10|2|2|2|2|2|2|1|1,2,6,8,2,1,needs-next
12,10|2|2|2|2|2|1|1|1|1,2,6,8,2,1,needs-next
12,10|2|2|1|1|1|1|1|1|1|1|1|1,2,6,8,2,1,needs-next
12,10|2|1|1|1|1|1|1|1|1|1|1|1|1,2,6,8,2,1,needs-next
12,9|9|6,2,8,10,2,2,within-J*
12,9|9|4|1|1,2,6,8,2,1,needs-next
12,9|9|3|3,2,12,14,2,2,within-J*
12,9|9|3|1|1|1,4,12,19,7,5,needs-next
12,9|9|2|2|1|1,2,10,12,2,4,needs-next
12,9|9|2|1|1|1|1,2,10,12,2,4,needs-next
12,9|8|5|2,2,15,16,1,1,within-J*
12,9|8|4|1|1|1,2,6,8,2,1,needs-next
12,9|8|2|2|1|1|1,2,15,16,1,1,within-J*
12,9|7|7|1,2,6,8,2,1,needs-next
12,9|7|6|1|1,2,6,8,2,1,needs-next
12,9|7|5|1|1|1,2,6,8,2,1,needs-next
12,9|7|4|4,2,8,10,2,1,needs-next
12,9|7|4|3|1,2,6,8,2,1,needs-next
12,9|7|4|2|2,4,12,24,12,5,needs-next
12,9|7|4|2|1|1,2,6,8,2,1,needs-next
12,9|7|4|1|1|1|1,2,6,8,2,1,needs-next
12,9|7|3|3|2,2,10,12,2,1,needs-next
12,9|7|3|3|1|1,4,12,19,7,4,needs-next
12,9|7|3|2|2|1,2,10,12,2,1,needs-next
12,9|7|3|1|1|1|1|1,2,4,6,2,1,needs-next
12,9|7|2|2|2|2,2,8,10,2,1,needs-next
12,9|7|2|1|1|1|1|1|1,2,6,8,2,1,needs-next
12,9|7|1|1|1|1|1|1|1|1,2,6,8,2,1,needs-next
12,9|6|6|3,2,8,10,2,2,within-J*
12,9|6|6|1|1|1,4,12,21,9,2,needs-next
12,9|6|4|4|1,4,21,25,4,3,needs-next
12,9|6|4|3|2,2,6,8,2,1,needs-next
12,9|6|4|3|1|1,4,12,23,11,8,needs-next
12,9|6|4|2|2|1,2,6,8,2,1,needs-next
12,9|6|4|1|1|1|1|1,2,4,6,2,1,needs-next
12,9|6|3|3|2|1,4,12,19,7,4,needs-next
12,9|6|3|3|1|1|1,2,23,29,6,10,needs-next
12,9|6|3|2|2|2,4,21,25,4,2,needs-next
12,9|6|3|1|1|1|1|1|1,4,21,25,4,2,needs-next
12,9|6|2|1|1|1|1|1|1|1,4,12,19,7,2,needs-next
12,9|5|5|3|1|1,2,8,10,2,2,within-J*
12,9|5|5|2|1|1|1,2,15,16,1,1,within-J*
12,9|5|4|4|2,2,8,10,2,1,needs-next
12,9|5|4|4|1|1,4,14,21,7,2,needs-next
12,9|5|4|3|1|1|1,2,8,10,2,2,within-J*
12,9|5|4|2|2|2,2,6,8,2,1,needs-next
12,9|5|4|1|1|1|1|1|1,2,8,10,2,1,needs-next
12,9|5|3|3|3|1,2,12,14,2,2,within-J*
12,9|5|3|3|2|2,4,12,19,7,7,within-J*
12,9|5|3|3|2|1|1,2,12,14,2,2,within-J*
12,9|5|3|3|1|1|1|1,2,6,8,2,2,within-J*
12,9|5|3|1|1|1|1|1|1|1,4,14,26,12,3,needs-next
12,9|5|2|2|2|2|2,2,10,12,2,8,needs-next
12,9|5|2|2|1|1|1|1|1|1,2,8,10,2,2,within-J*
12,9|5|2|1|1|1|1|1|1|1|1,2,8,10,2,2,within-J*
12,9|4|4|4|2|1,2,8,10,2,1,needs-next
12,9|4|4|3|2|2,2,6,8,2,1,needs-next
12,9|4|4|2|2|1|1|1,2,6,8,2,4,needs-next
12,9|4|4|1|1|1|1|1|1|1,2,8,10,2,1,needs-next
12,9|4|3|3|3|1|1,2,17,18,1,1,within-J*
12,9|4|2|2|1|1|1|1|1|1|1,2,15,16,1,1,within-J*
12,9|3|3|3|3|3,2,10,12,2,1,needs-next
12,9|3|3|3|2|2|2,4,12,19,7,4,needs-next
12,9|3|3|3|2|2|1|1,2,4,6,2,1,needs-next
12,9|3|3|3|2|1|1|1|1,2,8,10,2,1,needs-next
12,9|3|3|3|1|1|1|1|1|1,4,14,23,9,2,needs-next
12,9|3|3|2|2|2|2|1,2,4,6,2,1,needs-next
12,9|3|3|2|2|2|1|1|1,4,21,25,4,3,needs-next
12,9|3|3|2|2|1|1|1|1|1,2,8,10,2,1,needs-next
12,9|3|3|1|1|1|1|1|1|1|1|1,2,8,10,2,1,needs-next
12,9|3|2|2|2|2|2|1|1,2,6,8,2,1,needs-next
12,9|3|2|2|2|2|1|1|1|1,2,6,8,2,1,needs-next
12,9|3|2|1|1|1|1|1|1|1|1|1|1,2,6,8,2,1,needs-next
12,9|3|1|1|1|1|1|1|1|1|1|1|1|1,2,6,8,2,1,needs-next
12,9|2|2|2|2|2|2|1|1|1,4,12,19,7,5,needs-next
12,9|2|2|1|1|1|1|1|1|1|1|1|1|1,4,12,19,7,8,needs-next
12,8|8|6|2,4,12,16,4,2,needs-next
12,8|8|5|3,4,12,16,4,2,needs-next
12,8|8|5|2|1,2,15,16,1,1,within-J*
12,8|8|4|2|2,2,10,12,2,2,within-J*
12,8|8|3|3|1|1,2,10,12,2,8,needs-next
12,8|8|3|2|1|1|1,2,15,16,1,1,within-J*
12,8|8|2|2|2|1|1,4,14,18,4,3,needs-next
12,8|8|2|2|1|1|1|1,4,14,18,4,3,needs-next
12,8|7|7|1|1,2,8,10,2,1,needs-next
12,8|7|6|3,2,19,20,1,1,within-J*
12,8|7|5|2|2,2,10,12,2,2,within-J*
12,8|7|4|4|1,2,6,8,2,1,needs-next
12,8|7|3|3|1|1|1,2,10,12,2,6,needs-next
12,8|7|3|2|2|2,2,8,10,2,1,needs-next
12,8|7|3|1|1|1|1|1|1,2,4,6,2,1,needs-next
12,8|7|2|2|2|1|1|1,2,21,22,1,1,within-J*
12,8|6|6|4,2,8,10,2,2,within-J*
12,8|6|6|3|1,2,10,12,2,6,needs-next
12,8|6|6|2|1|1,2,10,12,2,14,needs-next
12,8|6|6|1|1|1|1,2,10,12,2,4,needs-next
12,8|6|5|3|1|1,2,10,12,2,8,needs-next
12,8|6|5|2|1|1|1,2,15,16,1,1,within-J*
12,8|6|4|4|2,2,6,8,2,1,needs-next
12,8|6|4|4|1|1,4,12,21,9,4,needs-next
12,8|6|4|3|1|1|1,2,10,12,2,16,needs-next
12,8|6|4|2|2|2,2,8,10,2,1,needs-next
12,8|6|4|1|1|1|1|1|1,2,4,6,2,1,needs-next
12,8|6|3|3|3|1,2,10,12,2,6,needs-next
12,8|6|3|3|2|2,4,14,23,9,2,needs-next
12,8|6|3|3|2|1|1,2,10,12,2,14,needs-next
12,8|6|3|3|1|1|1|1,2,10,12,2,6,needs-next
12,8|6|3|1|1|1|1|1|1|1,4,12,19,7,2,needs-next
12,8|6|2|2|2|2|2,2,12,14,2,2,within-J*
12,8|6|2|2|1|1|1|1|1|1,2,10,12,2,4,needs-next
12,8|6|2|1|1|1|1|1|1|1|1,2,10,12,2,4,needs-next
12,8|5|5|4|1|1,2,8,10,2,2,within-J*
12,8|5|5|3|3,4,12,16,4,2,needs-next
12,8|5|5|3|2|1,2,19,20,1,1,within-J*
12,8|5|5|3|1|1|1,4,18,25,7,3,needs-next
12,8|5|5|2|2|1|1,4,12,16,4,6,needs-next
12,8|5|5|2|1|1|1|1,4,12,16,4,7,needs-next
12,8|5|4|4|1|1|1,2,8,10,2,2,within-J*
12,8|5|4|3|3|1,2,21,22,1,1,within-J*
12,8|5|4|3|2|1|1,2,19,20,1,1,within-J*
12,8|5|4|3|1|1|1|1,2,21,22,1,1,within-J*
12,8|5|4|2|2|1|1|1,2,19,20,1,1,within-J*
12,8|5|3|3|3|2,2,10,12,2,4,needs-next
12,8|5|3|3|3|1|1,4,18,25,7,3,needs-next
12,8|5|3|3|2|2|1,2,10,12,2,4,needs-next
12,8|5|3|3|2|1|1|1,2,19,20,1,1,within-J*
12,8|5|3|3|1|1|1|1|1,2,6,8,2,2,within-J*
12,8|5|3|2|2|2|2,2,10,12,2,4,needs-next
12,8|5|3|2|1|1|1|1|1|1,2,8,10,2,2,within-J*
12,8|5|3|1|1|1|1|1|1|1|1,2,8,10,2,2,within-J*
12,8|5|2|2|2|2|2|1,2,21,22,1,1,within-J*
12,8|5|2|2|2|1|1|1|1|1,2,19,20,1,1,within-J*
12,8|5|2|2|1|1|1|1|1|1|1,4,18,25,7,3,needs-next
12,8|5|2|1|1|1|1|1|1|1|1|1,2,19,20,1,1,within-J*
12,8|4|4|4|2|2,2,6,8,2,1,needs-next
12,8|4|4|3|3|1|1,4,12,16,4,2,needs-next
12,8|4|4|3|2|1|1|1,2,21,22,1,1,within-J*
12,8|4|4|2|2|2|1|1,2,10,12,2,2,within-J*
12,8|4|4|2|2|1|1|1|1,2,6,8,2,4,needs-next
12,8|4|3|3|3|2|1,2,17,18,1,1,within-J*
12,8|4|3|3|3|1|1|1,4,12,16,4,2,needs-next
12,8|4|3|3|2|2|2,2,10,12,2,4,needs-next
12,8|4|3|3|1|1|1|1|1|1,2,12,14,2,2,within-J*
12,8|4|3|2|1|1|1|1|1|1|1,2,15,16,1,1,within-J*
12,8|4|2|2|2|2|2|2,4,14,18,4,2,needs-next
12,8|4|2|2|2|1|1|1|1|1|1,4,12,16,4,2,needs-next
12,8|4|2|2|1|1|1|1|1|1|1|1,4,12,16,4,2,needs-next
12,8|3|3|3|3|2|2,2,10,12,2,4,needs-next
12,8|3|3|3|2|2|1|1|1,2,4,6,2,1,needs-next
12,8|3|3|3|1|1|1|1|1|1|1,2,12,14,2,2,within-J*
12,8|3|3|2|2|2|2|1|1,2,4,6,2,1,needs-next
12,8|3|3|2|2|2|1|1|1|1,2,6,8,2,1,needs-next
12,8|3|3|1|1|1|1|1|1|1|1|1|1,2,6,8,2,1,needs-next
12,8|3|2|2|2|1|1|1|1|1|1|1,2,21,22,1,1,within-J*
12,8|2|2|2|2|2|2|2|1|1,2,10,12,2,6,needs-next
12,8|2|2|2|2|2|2|1|1|1|1,2,10,12,2,6,needs-next
12,8|2|2|2|1|1|1|1|1|1|1|1|1|1,2,10,12,2,4,needs-next
12,8|2|2|1|1|1|1|1|1|1|1|1|1|1|1,2,10,12,2,4,needs-next
12,7|7|7|1|1|1,2,8,10,2,1,needs-next
12,7|7|6|2|2,2,10,12,2,2,within-J*
12,7|7|5|5,2,8,10,2,4,needs-next
12,7|7|5|3|2,2,10,12,2,2,within-J*
12,7|7|5|2|2|1,2,10,12,2,2,within-J*
12,7|7|5|2|1|1|1,2,15,16,1,1,within-J*
12,7|7|5|1|1|1|1|1,2,10,12,2,2,within-J*
12,7|7|4|4|2,4,12,24,12,4,needs-next
12,7|7|4|4|1|1,2,6,8,2,1,needs-next
12,7|7|4|3|3,2,10,12,2,2,within-J*
12,7|7|4|2|2|2,4,14,25,11,2,needs-next
12,7|7|4|2|2|1|1,2,10,12,2,2,within-J*
12,7|7|4|2|1|1|1|1,2,10,12,2,2,within-J*
12,7|7|4|1|1|1|1|1|1,4,12,19,7,2,needs-next
12,7|7|3|3|2|2,2,8,10,2,1,needs-next
12,7|7|3|2|2|1|1|1,2,10,12,2,2,within-J*
12,7|7|3|1|1|1|1|1|1|1,2,4,6,2,1,needs-next
12,7|7|2|2|2|2|1|1,2,12,14,2,4,needs-next
12,7|7|2|2|2|1|1|1|1,2,10,12,2,2,within-J*
12,7|7|1|1|1|1|1|1|1|1|1|1,2,10,12,2,2,within-J*
12,7|6|6|3|1|1,2,10,12,2,6,needs-next
12,7|6|6|2|1|1|1,2,17,18,1,1,within-J*
12,7|6|5|3|3,2,15,16,1,1,within-J*
12,7|6|5|3|1|1|1,2,15,16,1,1,within-J*
12,7|6|5|2|2|1|1,2,15,16,1,1,within-J*
12,7|6|5|2|1|1|1|1,2,17,18,1,1,within-J*
12,7|6|4|4|2|1,2,6,8,2,1,needs-next
12,7|6|4|3|2|2,2,8,10,2,1,needs-next
12,7|6|4|2|2|1|1|1,2,10,12,2,2,within-J*
12,7|6|4|1|1|1|1|1|1|1,2,4,6,2,1,needs-next
12,7|6|3|3|3|1|1,2,15,16,1,1,within-J*
12,7|6|2|2|1|1|1|1|1|1|1,2,17,18,1,1,within-J*
12,7|5|5|5|2,2,8,10,2,6,needs-next
12,7|5|5|4|3,2,15,16,1,1,within-J*
12,7|5|5|4|1|1|1,2,15,16,1,1,within-J*
12,7|5|5|3|3|1,4,12,16,4,2,needs-next
12,7|5|5|3|2|1|1,4,12,16,4,7,needs-next
12,7|5|5|3|1|1|1|1,4,12,16,4,6,needs-next
12,7|5|5|2|2|2|1,2,15,16,1,1,within-J*
12,7|5|5|2|2|1|1|1,4,18,25,7,3,needs-next
12,7|5|5|2|1|1|1|1|1,2,17,18,1,1,within-J*
12,7|5|4|4|2|2,2,6,8,2,1,needs-next
12,7|5|4|3|3|1|1,4,12,16,4,2,needs-next
12,7|5|4|3|2|1|1|1,2,19,20,1,1,within-J*
12,7|5|4|2|2|2|1|1,2,10,12,2,2,within-J*
12,7|5|4|2|2|1|1|1|1,2,12,14,2,4,needs-next
12,7|5|3|3|3|2|1,2,15,16,1,1,within-J*
12,7|5|3|3|3|1|1|1,4,12,16,4,2,needs-next
12,7|5|3|3|2|2|2,2,10,12,2,4,needs-next
12,7|5|3|3|1|1|1|1|1|1,2,6,8,2,2,within-J*
12,7|5|3|2|1|1|1|1|1|1|1,2,17,18,1,1,within-J*
12,7|5|2|2|2|2|2|2,4,14,18,4,2,needs-next
12,7|5|2|2|2|1|1|1|1|1|1,4,12,16,4,2,needs-next
12,7|5|2|2|1|1|1|1|1|1|1|1,4,12,16,4,2,needs-next
12,7|4|4|4|3|1|1,2,15,16,1,1,within-J*
12,7|4|4|4|2|1|1|1,2,8,10,2,6,needs-next
12,7|4|4|3|3|3,2,10,12,2,2,within-J*
12,7|4|4|3|3|2|1,2,15,16,1,1,within-J*
12,7|4|4|3|3|1|1|1,4,18,25,7,3,needs-next
12,7|4|4|3|2|2|1|1,2,10,12,2,2,within-J*
12,7|4|4|3|2|1|1|1|1,2,8,10,2,4,needs-next
12,7|4|4|2|2|2|2|1,2,10,12,2,2,within-J*
12,7|4|4|2|2|2|1|1|1,2,23,29,6,4,needs-next
12,7|4|4|2|2|1|1|1|1|1,2,6,8,2,4,needs-next
12,7|4|4|2|1|1|1|1|1|1|1,2,17,18,1,1,within-J*
12,7|4|4|1|1|1|1|1|1|1|1|1,2,8,10,2,4,needs-next
12,7|4|3|3|3|3|1,2,17,18,1,1,within-J*
12,7|4|3|3|3|2|2,2,15,16,1,1,within-J*
12,7|4|3|3|3|2|1|1,2,15,16,1,1,within-J*
12,7|4|3|3|3|1|1|1|1,2,15,16,1,1,within-J*
12,7|4|3|3|1|1|1|1|1|1|1,2,15,16,1,1,within-J*
12,7|4|3|2|2|2|2|2,2,15,16,1,1,within-J*
12,7|4|3|2|2|1|1|1|1|1|1,2,15,16,1,1,within-J*
12,7|4|3|2|1|1|1|1|1|1|1|1,2,15,16,1,1,within-J*
12,7|4|2|2|2|2|2|2|1,2,15,16,1,1,within-J*
12,7|4|2|2|2|2|1|1|1|1|1,2,15,16,1,1,within-J*
12,7|4|2|2|2|1|1|1|1|1|1|1,4,18,25,7,3,needs-next
12,7|4|2|2|1|1|1|1|1|1|1|1|1,2,15,16,1,1,within-J*
12,7|4|1|1|1|1|1|1|1|1|1|1|1|1|1,2,15,16,1,1,within-J*
12,7|3|3|3|3|3|1|1,2,10,12,2,2,within-J*
12,7|3|3|3|2|2|2|1|1,2,6,8,2,1,needs-next
12,7|3|3|3|2|2|1|1|1|1,2,4,6,2,1,needs-next
12,7|3|3|2|2|2|2|1|1|1,2,4,6,2,1,needs-next
12,7|3|3|2|2|1|1|1|1|1|1|1,2,12,14,2,4,needs-next
12,7|3|3|1|1|1|1|1|1|1|1|1|1|1,2,6,8,2,1,needs-next
12,7|3|2|2|2|2|2|2|2,2,10,12,2,2,within-J*
12,7|3|2|2|2|2|1|1|1|1|1|1,2,10,12,2,2,within-J*
12,7|3|2|2|2|1|1|1|1|1|1|1|1,2,10,12,2,2,within-J*
12,7|3|1|1|1|1|1|1|1|1|1|1|1|1|1|1,2,10,12,2,2,within-J*
12,7|2|2|2|2|2|2|2|1|1|1,2,15,16,1,1,within-J*
12,7|2|2|2|1|1|1|1|1|1|1|1|1|1|1,2,15,16,1,1,within-J*
12,6|6|6|5|1,2,6,8,2,1,needs-next
12,6|6|6|4|2,2,6,8,2,1,needs-next
12,6|6|6|4|1|1,4,12,23,11,2,needs-next
12,6|6|6|3|1|1|1,2,10,12,2,4,needs-next
12,6|6|6|2|2|2,2,8,10,2,1,needs-next
12,6|6|6|1|1|1|1|1|1,2,10,12,2,1,needs-next
12,6|6|5|5|2,4,12,21,9,2,needs-next
12,6|6|5|5|1|1,2,6,8,2,1,needs-next
12,6|6|5|4|2|1,2,6,8,2,1,needs-next
12,6|6|5|3|2|2,2,8,10,2,1,needs-next
12,6|6|5|2|2|1|1|1,2,10,12,2,2,within-J*
12,6|6|5|1|1|1|1|1|1|1,2,10,12,2,1,needs-next
12,6|6|4|4|4,2,6,8,2,1,needs-next
12,6|6|4|4|3|1,2,6,8,2,1,needs-next
12,6|6|4|4|2|2,4,20,42,22,14,needs-next
12,6|6|4|4|2|1|1,2,6,8,2,1,needs-next
12,6|6|4|4|1|1|1|1,2,6,8,2,1,needs-next
12,6|6|4|3|3|2,2,8,10,2,1,needs-next
12,6|6|4|3|2|2|1,2,8,10,2,1,needs-next
12,6|6|4|3|1|1|1|1|1,2,6,8,2,1,needs-next
12,6|6|4|2|2|2|2,2,8,10,2,1,needs-next
12,6|6|4|2|2|2|1|1,4,14,23,9,3,needs-next
12,6|6|4|2|2|1|1|1|1,4,12,19,7,2,needs-next
12,6|6|4|2|1|1|1|1|1|1,2,6,8,2,1,needs-next
12,6|6|4|1|1|1|1|1|1|1|1,2,4,6,2,1,needs-next
12,6|6|3|3|3|3,2,8,10,2,1,needs-next
12,6|6|3|3|2|2|2,4,14,25,11,3,needs-next
12,6|6|3|3|2|2|1|1,2,8,10,2,1,needs-next
12,6|6|3|3|2|1|1|1|1,2,6,8,2,1,needs-next
12,6|6|3|3|1|1|1|1|1|1,4,12,19,7,2,needs-next
12,6|6|3|2|2|2|2|1,2,8,10,2,1,needs-next
12,6|6|3|2|2|2|1|1|1,4,21,25,4,3,needs-next
12,6|6|3|2|2|1|1|1|1|1,2,6,8,2,1,needs-next
12,6|6|3|1|1|1|1|1|1|1|1|1,2,4,6,2,1,needs-next
12,6|6|2|2|2|2|2|1|1,2,8,10,2,1,needs-next
12,6|6|2|2|2|2|1|1|1|1,2,8,10,2,1,needs-next
12,6|6|2|1|1|1|1|1|1|1|1|1|1,2,8,10,2,1,needs-next
12,6|6|1|1|1|1|1|1|1|1|1|1|1|1,2,8,10,2,1,needs-next
12,6|5|5|5|3,2,8,10,2,8,needs-next
12,6|5|5|4|2|2,2,6,8,2,1,needs-next
12,6|5|5|3|3|1|1,4,12,16,4,4,within-J*
12,6|5|5|3|2|1|1|1,2,21,22,1,1,within-J*
12,6|5|5|2|2|2|1|1,2,10,12,2,2,within-J*
12,6|5|5|2|2|1|1|1|1,2,12,14,2,6,needs-next
12,6|5|4|4|3|2,2,6,8,2,1,needs-next
12,6|5|4|4|2|2|1,2,6,8,2,1,needs-next
12,6|5|4|4|1|1|1|1|1,2,8,10,2,1,needs-next
12,6|5|4|3|3|1|1|1,2,19,20,1,1,within-J*
12,6|5|4|2|2|2|1|1|1,4,12,19,7,2,needs-next
12,6|5|3|3|3|2|2,2,10,12,2,4,needs-next
12,6|5|3|3|2|2|1|1|1,2,6,8,2,1,needs-next
12,6|5|3|3|1|1|1|1|1|1|1,2,6,8,2,2,within-J*
12,6|5|3|2|2|2|2|1|1,2,10,12,2,1,needs-next
12,6|5|3|2|2|2|1|1|1|1,2,6,8,2,1,needs-next
12,6|5|3|1|1|1|1|1|1|1|1|1|1,2,4,6,2,1,needs-next
12,6|5|2|2|2|1|1|1|1|1|1|1,2,21,22,1,1,within-J*
12,6|4|4|4|4|2,2,6,8,2,1,needs-next
12,6|4|4|4|3|3,4,12,23,11,4,needs-next
12,6|4|4|4|3|1|1|1,2,8,10,2,14,needs-next
12,6|4|4|4|2|2|2,2,6,8,2,1,needs-next
12,6|4|4|4|2|2|1|1,4,12,21,9,2,needs-next
12,6|4|4|4|2|1|1|1|1,4,14,21,7,3,needs-next
12,6|4|4|4|1|1|1|1|1|1,2,8,10,2,1,needs-next
12,6|4|4|3|3|3|1,2,10,12,2,2,within-J*
12,6|4|4|3|3|2|1|1,2,10,12,2,2,within-J*
12,6|4|4|3|3|1|1|1|1,2,8,10,2,4,needs-next
12,6|4|4|3|2|2|1|1|1,4,12,23,11,2,needs-next
12,6|4|4|2|2|2|2|2,2,10,12,2,2,within-J*
12,6|4|4|2|2|2|2|1|1,4,12,19,7,2,needs-next
12,6|4|4|2|2|2|1|1|1|1,4,12,21,9,2,needs-next
12,6|4|4|2|2|1|1|1|1|1|1,2,6,8,2,4,needs-next
12,6|4|4|2|1|1|1|1|1|1|1|1,2,8,10,2,4,needs-next
12,6|4|4|1|1|1|1|1|1|1|1|1|1,4,12,24,12,2,needs-next
12,6|4|3|3|3|3|1|1,2,10,12,2,2,within-J*
12,6|4|3|3|2|2|2|1|1,2,6,8,2,1,needs-next
12,6|4|3|3|2|2|1|1|1|1,2,10,12,2,1,needs-next
12,6|4|3|2|2|2|2|1|1|1,2,6,8,2,1,needs-next
12,6|4|3|2|2|1|1|1|1|1|1|1,2,12,14,2,4,needs-next
12,6|4|3|1|1|1|1|1|1|1|1|1|1|1,2,4,6,2,1,needs-next
12,6|4|2|2|2|2|2|2|2,2,10,12,2,2,within-J*
12,6|4|2|2|2|2|1|1|1|1|1|1,2,10,12,2,2,within-J*
12,6|4|2|2|2|1|1|1|1|1|1|1|1,2,10,12,2,2,within-J*
12,6|4|1|1|1|1|1|1|1|1|1|1|1|1|1|1,2,10,12,2,2,within-J*
12,6|3|3|3|3|3|3,2,8,10,2,1,needs-next
12,6|3|3|3|3|3|1|1|1,4,12,21,9,4,needs-next
12,6|3|3|3|3|2|2|1|1,2,6,8,2,1,needs-next
12,6|3|3|3|3|2|1|1|1|1,2,6,8,2,1,needs-next
12,6|3|3|3|2|2|2|2|1,2,6,8,2,1,needs-next
12,6|3|3|3|2|2|2|1|1|1,4,25,29,4,5,needs-next
12,6|3|3|3|2|2|1|1|1|1|1,2,4,6,2,1,needs-next
12,6|3|3|3|1|1|1|1|1|1|1|1|1,2,6,8,2,1,needs-next
12,6|3|3|2|2|2|2|2|2,4,12,19,7,2,needs-next
12,6|3|3|2|2|2|2|2|1|1,2,6,8,2,1,needs-next
12,6|3|3|2|2|2|2|1|1|1|1,2,4,6,2,1,needs-next
12,6|3|3|2|2|2|1|1|1|1|1|1,4,12,23,11,6,needs-next
12,6|3|3|2|2|1|1|1|1|1|1|1|1,4,12,21,9,4,needs-next
12,6|3|3|2|1|1|1|1|1|1|1|1|1|1,2,6,8,2,1,needs-next
12,6|3|3|1|1|1|1|1|1|1|1|1|1|1|1,2,4,6,2,1,needs-next
12,6|3|2|2|2|2|1|1|1|1|1|1|1,4,14,21,7,2,needs-next
12,6|3|1|1|1|1|1|1|1|1|1|1|1|1|1|1|1,4,12,19,7,2,needs-next
12,6|2|2|2|2|2|2|2|2|2,2,6,8,2,1,needs-next
12,6|2|2|2|2|2|2|1|1|1|1|1|1,2,8,10,2,1,needs-next
12,6|2|2|2|2|2|1|1|1|1|1|1|1|1,2,8,10,2,1,needs-next
12,6|2|2|1|1|1|1|1|1|1|1|1|1|1|1|1|1,2,4,6,2,1,needs-next
12,6|2|1|1|1|1|1|1|1|1|1|1|1|1|1|1|1|1,2,4,6,2,1,needs-next
12,5|5|5|5|2|2,2,6,8,2,1,needs-next
12,5|5|5|4|4|1,2,8,10,2,2,within-J*
12,5|5|5|4|3|1|1,2,15,16,1,1,within-J*
12,5|5|5|3|3|2|1,2,15,16,1,1,within-J*
12,5|5|5|3|3|1|1|1,4,12,16,4,4,within-J*
12,5|5|5|3|2|2|2,2,10,12,2,8,needs-next
12,5|5|5|3|1|1|1|1|1|1,2,12,14,2,2,within-J*
12,5|5|5|2|1|1|1|1|1|1|1,2,17,18,1,1,within-J*
12,5|5|4|4|4|2,4,12,21,9,4,needs-next
12,5|5|4|4|4|1|1,2,8,10,2,2,within-J*
12,5|5|4|4|3|3,2,6,8,2,1,needs-next
12,5|5|4|4|2|2|2,4,12,24,12,2,needs-next
12,5|5|4|4|2|2|1|1,2,6,8,2,1,needs-next
12,5|5|4|4|2|1|1|1|1,2,8,10,2,1,needs-next
12,5|5|4|4|1|1|1|1|1|1,4,14,21,7,3,needs-next
12,5|5|4|3|3|2|2,2,10,12,2,4,needs-next
12,5|5|4|3|2|2|1|1|1,2,6,8,2,1,needs-next
12,5|5|4|3|1|1|1|1|1|1|1,2,12,14,2,2,within-J*
12,5|5|4|2|2|2|2|1|1,2,10,12,2,1,needs-next
12,5|5|4|2|2|2|1|1|1|1,2,6,8,2,1,needs-next
12,5|5|4|1|1|1|1|1|1|1|1|1|1,2,4,6,2,1,needs-next
12,5|5|3|3|3|3|2,2,10,12,2,4,needs-next
12,5|5|3|3|3|2|2|1,2,10,12,2,4,needs-next
12,5|5|3|3|3|1|1|1|1|1,2,8,10,2,2,within-J*
12,5|5|3|3|2|2|2|2,2,10,12,2,8,needs-next
12,5|5|3|3|2|2|2|1|1,4,12,24,12,2,needs-next
12,5|5|3|3|2|2|1|1|1|1,4,12,19,7,2,needs-next
12,5|5|3|3|2|1|1|1|1|1|1,2,8,10,2,2,within-J*
12,5|5|3|3|1|1|1|1|1|1|1|1,2,6,8,2,2,within-J*
12,5|5|3|2|2|2|2|1|1|1,4,12,21,9,2,needs-next
12,5|5|3|1|1|1|1|1|1|1|1|1|1|1,4,12,21,9,2,needs-next
12,5|5|2|2|2|2|2|2|1|1,2,10,12,2,4,needs-next
12,5|5|2|2|2|2|2|1|1|1|1,2,10,12,2,6,needs-next
12,5|5|2|2|1|1|1|1|1|1|1|1|1|1,2,10,12,2,4,needs-next
12,5|5|2|1|1|1|1|1|1|1|1|1|1|1|1,2,10,12,2,8,needs-next
12,5|4|4|4|4|3,2,6,8,2,1,needs-next
12,5|4|4|4|2|2|2|1,2,6,8,2,1,needs-next
12,5|4|4|4|2|2|1|1|1,4,21,25,4,2,needs-next
12,5|4|4|4|2|1|1|1|1|1,2,8,10,2,1,needs-next
12,5|4|4|3|3|3|1|1,2,10,12,2,2,within-J*
12,5|4|4|3|2|2|2|1|1,2,6,8,2,1,needs-next
12,5|4|4|3|2|2|1|1|1|1,2,10,12,2,1,needs-next
12,5|4|4|2|2|2|2|1|1|1,2,6,8,2,1,needs-next
12,5|4|4|2|2|1|1|1|1|1|1|1,2,6,8,2,4,needs-next
12,5|4|4|1|1|1|1|1|1|1|1|1|1|1,2,4,6,2,1,needs-next
12,5|4|3|3|3|2|2|2,2,15,16,1,1,within-J*
12,5|4|3|3|3|1|1|1|1|1|1,2,15,16,1,1,within-J*
12,5|4|3|3|2|2|2|1|1|1,4,12,19,7,2,needs-next
12,5|4|2|2|2|2|2|2|1|1|1,2,15,16,1,1,within-J*
12,5|4|2|2|1|1|1|1|1|1|1|1|1|1|1,2,15,16,1,1,within-J*
12,5|3|3|3|3|3|3|1,2,8,10,2,1,needs-next
12,5|3|3|3|3|3|2|1|1,2,6,8,2,1,needs-next
12,5|3|3|3|3|3|1|1|1|1,2,6,8,2,1,needs-next
12,5|3|3|3|3|2|2|1|1|1,4,12,24,12,4,needs-next
12,5|3|3|3|2|2|2|2|2,2,6,8,2,1,needs-next
12,5|3|3|3|2|2|2|2|1|1,4,12,19,7,2,needs-next
12,5|3|3|3|2|2|2|1|1|1|1,4,12,21,9,5,needs-next
12,5|3|3|3|2|2|1|1|1|1|1|1,2,4,6,2,1,needs-next
12,5|3|3|3|2|1|1|1|1|1|1|1|1,2,6,8,2,1,needs-next
12,5|3|3|3|1|1|1|1|1|1|1|1|1|1,4,12,23,11,4,needs-next
12,5|3|3|2|2|2|2|2|2|1,2,6,8,2,1,needs-next
12,5|3|3|2|2|2|2|1|1|1|1|1,2,4,6,2,1,needs-next
12,5|3|3|2|2|2|1|1|1|1|1|1|1,4,21,25,4,2,needs-next
12,5|3|3|2|2|1|1|1|1|1|1|1|1|1,2,6,8,2,1,needs-next
12,5|3|3|1|1|1|1|1|1|1|1|1|1|1|1|1,2,4,6,2,1,needs-next
12,5|3|2|2|2|2|2|2|2|2,2,6,8,2,1,needs-next
12,5|3|2|2|2|2|2|1|1|1|1|1|1,2,8,10,2,1,needs-next
12,5|3|2|2|2|2|1|1|1|1|1|1|1|1,2,8,10,2,1,needs-next
12,5|3|2|1|1|1|1|1|1|1|1|1|1|1|1|1|1,2,4,6,2,1,needs-next
12,5|3|1|1|1|1|1|1|1|1|1|1|1|1|1|1|1|1,2,4,6,2,1,needs-next
12,5|2|2|2|2|2|2|1|1|1|1|1|1|1,4,14,21,7,2,needs-next
12,5|2|2|1|1|1|1|1|1|1|1|1|1|1|1|1|1|1,4,12,19,7,2,needs-next
12,4|4|4|4|4|2|2,2,8,10,2,2,within-J*
12,4|4|4|4|3|3|1|1,2,8,10,2,4,needs-next
12,4|4|4|4|2|2|2|1|1,2,8,10,2,1,needs-next
12,4|4|4|4|2|2|1|1|1|1,2,8,10,2,1,needs-next
12,4|4|4|3|3|3|2|1,2,19,20,1,1,within-J*
12,4|4|4|3|3|3|1|1|1,2,8,10,2,6,needs-next
12,4|4|4|3|3|2|2|2,4,12,16,4,4,within-J*
12,4|4|4|3|3|1|1|1|1|1|1,4,14,18,4,3,needs-next
12,4|4|4|3|2|1|1|1|1|1|1|1,2,21,22,1,1,within-J*
12,4|4|4|2|2|2|2|2|2,2,12,14,2,4,needs-next
12,4|4|4|2|2|2|1|1|1|1|1|1,2,8,10,2,10,needs-next
12,4|4|4|2|2|1|1|1|1|1|1|1|1,2,6,8,2,4,needs-next
12,4|4|3|3|3|3|2|2,4,12,16,4,4,within-J*
12,4|4|3|3|3|2|2|2|1,2,15,16,1,1,within-J*
12,4|4|3|3|3|2|2|1|1|1,2,8,10,2,2,within-J*
12,4|4|3|3|3|2|1|1|1|1|1,2,15,16,1,1,within-J*
12,4|4|3|3|3|1|1|1|1|1|1|1,4,14,18,4,3,needs-next
12,4|4|3|3|2|2|2|2|1|1,2,12,14,2,2,within-J*
12,4|4|3|3|2|2|2|1|1|1|1,2,8,10,2,2,within-J*
12,4|4|3|3|1|1|1|1|1|1|1|1|1|1,2,6,8,2,2,within-J*
12,4|4|3|2|2|2|2|2|1|1|1,2,15,16,1,1,within-J*
12,4|4|3|2|1|1|1|1|1|1|1|1|1|1|1,2,15,16,1,1,within-J*
12,4|4|2|2|2|2|2|2|2|1|1,4,12,16,4,4,within-J*
12,4|4|2|2|2|2|2|2|1|1|1|1,4,12,16,4,4,within-J*
12,4|4|2|2|2|1|1|1|1|1|1|1|1|1|1,4,12,16,4,4,within-J*
12,4|4|2|2|1|1|1|1|1|1|1|1|1|1|1|1,4,12,16,4,4,within-J*
12,4|3|3|3|3|3|3|1|1,2,6,8,2,1,needs-next
12,4|3|3|3|3|2|2|2|1|1,2,8,10,2,2,within-J*
12,4|3|3|3|3|2|2|1|1|1|1,2,12,14,2,2,within-J*
12,4|3|3|3|2|2|2|2|1|1|1,2,8,10,2,2,within-J*
12,4|3|3|3|2|2|1|1|1|1|1|1|1,2,4,6,2,1,needs-next
12,4|3|3|3|1|1|1|1|1|1|1|1|1|1|1,2,6,8,2,2,within-J*
12,4|3|3|2|2|2|2|2|2|2,2,8,10,2,1,needs-next
12,4|3|3|2|2|2|2|1|1|1|1|1|1,2,4,6,2,1,needs-next
12,4|3|3|2|2|2|1|1|1|1|1|1|1|1,2,6,8,2,1,needs-next
12,4|3|3|1|1|1|1|1|1|1|1|1|1|1|1|1|1,2,8,10,2,1,needs-next
12,4|3|2|2|2|2|2|2|2|1|1|1,2,19,20,1,1,within-J*
12,4|3|2|2|2|1|1|1|1|1|1|1|1|1|1|1,2,19,20,1,1,within-J*
12,4|2|2|2|2|2|2|2|2|2|2,2,8,10,2,2,within-J*
12,4|2|2|2|2|2|2|2|1|1|1|1|1|1,2,10,12,2,6,needs-next
12,4|2|2|2|2|2|2|1|1|1|1|1|1|1|1,2,10,12,2,6,needs-next
12,4|2|2|2|1|1|1|1|1|1|1|1|1|1|1|1|1|1,2,6,8,2,2,within-J*
12,4|2|2|1|1|1|1|1|1|1|1|1|1|1|1|1|1|1|1,2,6,8,2,2,within-J*
12,3|3|3|3|3|3|3|1|1|1,2,6,8,2,1,needs-next
12,3|3|3|3|3|3|2|2|2,2,8,10,2,6,needs-next
12,3|3|3|3|3|3|1|1|1|1|1|1,2,12,14,2,10,needs-next
12,3|3|3|3|3|2|2|2|1|1|1,2,15,16,1,1,within-J*
12,3|3|3|3|2|2|2|2|2|2,2,8,10,2,1,needs-next
12,3|3|3|3|2|2|2|1|1|1|1|1|1,2,6,8,2,1,needs-next
12,3|3|3|3|2|2|1|1|1|1|1|1|1|1,2,4,6,2,1,needs-next
12,3|3|3|2|2|2|2|2|2|1|1|1,2,8,10,2,8,needs-next
12,3|3|3|2|2|2|2|1|1|1|1|1|1|1,2,4,6,2,1,needs-next
12,3|3|3|2|2|1|1|1|1|1|1|1|1|1|1|1,2,6,8,2,4,needs-next
12,3|3|3|1|1|1|1|1|1|1|1|1|1|1|1|1|1|1,2,8,10,2,1,needs-next
12,3|3|2|2|2|2|2|2|2|2|1|1,2,8,10,2,4,needs-next
12,3|3|2|2|2|2|2|2|2|1|1|1|1,2,10,12,2,2,within-J*
12,3|3|2|2|2|2|1|1|1|1|1|1|1|1|1|1,2,10,12,2,2,within-J*
12,3|3|2|2|2|1|1|1|1|1|1|1|1|1|1|1|1,2,6,8,2,4,needs-next
12,3|3|1|1|1|1|1|1|1|1|1|1|1|1|1|1|1|1|1|1,2,6,8,2,4,needs-next
12,3|2|2|2|2|2|2|2|1|1|1|1|1|1|1,2,17,18,1,1,within-J*
12,3|2|2|2|1|1|1|1|1|1|1|1|1|1|1|1|1|1|1,2,15,16,1,1,within-J*
12,2|2|2|2|2|2|2|2|2|2|2|1|1,2,6,8,2,1,needs-next
12,2|2|2|2|2|2|2|2|2|2|1|1|1|1,2,6,8,2,1,needs-next
12,2|2|2|2|2|2|2|1|1|1|1|1|1|1|1|1|1,2,4,6,2,1,needs-next
12,2|2|2|2|2|2|1|1|1|1|1|1|1|1|1|1|1|1,2,4,6,2,1,needs-next
12,2|2|2|1|1|1|1|1|1|1|1|1|1|1|1|1|1|1|1|1|1,2,4,6,2,1,needs-next
12,2|2|1|1|1|1|1|1|1|1|1|1|1|1|1|1|1|1|1|1|1|1,2,4,6,2,1,needs-next
